KPI,Building_1,Building_10,Building_11,Building_12,Building_13,Building_14,Building_15,Building_16,Building_17,Building_2,Building_3,Building_4,Building_5,Building_6,Building_7,Building_8,Building_9,District
building_battery_health_capacity_fade_business_as_usual_ratio,0.0007995179107317396,0.0006069892429740043,0.0004584134703936038,0.00032566066254721693,0.000568625585675997,0.00033377958325447876,1.3442697649468371e-07,0.0007248748851586273,0.0005891217789512349,0.0005486195229299773,0.0005180423162194636,0.0006375688610014973,0.0007155367378033906,0.0005219419576264761,0.0006739815315896791,0.0007172164489373245,0.0006417397963712212,
building_battery_health_capacity_fade_delta_to_business_as_usual_ratio,-0.000530728271045805,-0.0003554009372629119,-0.00027275094811068934,-0.00016205001413124864,-0.00034637366128492664,-0.00018909395875843504,-1.3442697649468371e-07,-0.0004718248634363875,-0.00036396587089121413,-0.0003417539366391831,-0.0003013119696468336,-0.00038337975986915684,-0.00044662953209664846,-0.00031064775386641097,-0.0004270876435170934,-0.000463262435944356,-0.0004211392107648926,
building_battery_health_capacity_fade_ratio,0.0002687896396859346,0.00025158830571109236,0.00018566252228291447,0.00016361064841596829,0.00022225192439107033,0.00014468562449604372,0.0,0.0002530500217222398,0.00022515590806002073,0.0002068655862907942,0.00021673034657263002,0.0002541891011323405,0.0002689072057067421,0.00021129420376006514,0.0002468938880725857,0.0002539540129929685,0.00022060058560632867,
building_battery_health_equivalent_full_cycles_business_as_usual_count,79.9199407082051,60.68055872339755,45.83086316008121,32.56078903214075,56.846421661321074,33.3724022883689,0.013442697236314416,72.46126892277971,58.89486874511931,54.84693243924994,51.79084204341052,63.73662214318756,71.52816103363875,52.18060145562049,67.37552818027325,71.69596946216188,64.15342737804167,
building_battery_health_equivalent_full_cycles_count,26.875368655055354,25.155679738818435,18.56453755968687,16.35973395936162,22.222734056194895,14.467521922852029,0.0,25.30181334273948,22.513067293330096,20.684428805725474,21.670696637156652,25.41569240449462,26.887120925384806,21.12719835487951,24.68635512763285,25.39218943209562,22.057636001372884,
building_battery_health_equivalent_full_cycles_delta_to_business_as_usual_count,-53.04457205314975,-35.52487898457912,-27.26632560039434,-16.201055072779127,-34.62368760512618,-18.904880365516874,-0.013442697236314416,-47.15945558004023,-36.381801451789215,-34.162503633524466,-30.12014540625387,-38.32092973869294,-44.64104010825395,-31.05340310074098,-42.6891730526404,-46.303780030066264,-42.095791376668785,
building_battery_ratio_to_business_as_usual_capacity_fade_ratio,0.33618964138018037,0.4144856084737357,0.4050110528460269,0.5023961050016186,0.39085811470627274,0.43347655685019276,1.0,0.3490947567687682,0.3821890755097313,0.3770656669051812,0.4183641756416175,0.3986849369228268,0.37581187869158755,0.4048231813378687,0.3663214442838696,0.3540828063400437,0.34375394334859033,
building_battery_ratio_to_business_as_usual_charge_ratio,0.34493304089619287,0.4242919854084895,0.4095093650777441,0.5151131139612852,0.393992916109132,0.43939879455936787,0.0,0.35481172075883155,0.3901351683143631,0.38151776424422457,0.42266441704318514,0.4067207616418647,0.38540547542709197,0.40914927563096937,0.37557125461162605,0.3583003939077908,0.3480273587488266,
building_battery_ratio_to_business_as_usual_discharge_ratio,0.3263451612179087,0.40312444846042556,0.3995828476051315,0.4873129306654281,0.3872709315667801,0.42635709335146355,1.0,0.3424407692367352,0.37283670837420946,0.3718052060358362,0.41326462539222963,0.38950962579604176,0.36497277421830665,0.39977447762333623,0.35593099831936353,0.3491366572193696,0.338817508850928,
building_battery_ratio_to_business_as_usual_equivalent_full_cycles_ratio,0.3362786360562972,0.4145591317556337,0.40506628676931894,0.502436656040888,0.3909258209530449,0.4335175453609557,0.0,0.349177066850748,0.382258552791083,0.3771300943518792,0.4184271925718549,0.39876120744831717,0.3758955988361024,0.4048860642752107,0.3663994300954619,0.3541648104151315,0.34382630675976533,
building_battery_ratio_to_business_as_usual_throughput_ratio,0.3362786360562972,0.4145591317556337,0.40506628676931894,0.502436656040888,0.3909258209530449,0.4335175453609557,0.0,0.349177066850748,0.382258552791083,0.3771300943518792,0.4184271925718549,0.39876120744831717,0.3758955988361024,0.4048860642752107,0.3663994300954619,0.3541648104151315,0.34382630675976533,
building_battery_total_charge_business_as_usual_kwh,546.6841292977333,419.5786242336035,324.0590276122093,226.7336676865816,395.63055938482285,234.53282356262207,0.17206652462482452,505.04964008927345,410.59713639318943,384.89226300269365,364.0914080031216,438.5362178757787,489.43633261322975,364.17728900164366,459.67049530148506,503.54769314825535,446.5918470621109,
building_battery_total_charge_delta_to_business_as_usual_kwh,-358.11471016937867,-241.5547767225653,-191.35382096702233,-109.94018208468333,-239.75492159090936,-131.47938360460103,-0.17206652462482452,-325.8521082205698,-250.40875347703695,-238.0490273470059,-210.20292528904974,-260.17443333379924,-300.8048901511356,-215.17441500537097,-287.03147067315876,-323.1263563418761,-291.1656660903245,
building_battery_total_charge_kwh,188.56941912835464,178.02384751103818,132.705206645187,116.79348560189828,155.87563779391348,103.05343995802104,0.0,179.19753186870366,160.18838291615248,146.84323565568775,153.88848271407187,178.36178454197943,188.63144246209413,149.00287399627268,172.6390246283263,180.42133680637926,155.42618097178638,
building_battery_total_discharge_business_as_usual_kwh,476.291111767292,357.1325274258852,262.57602083683014,190.04443192481995,332.0036378800869,192.6339257284999,0.0,422.4546021223068,343.25718354433775,317.1484722197056,298.83137015253305,377.2925455570221,426.1241286173463,303.7344096302986,402.73626540601254,414.16071596741676,374.5720233768225,
building_battery_total_discharge_delta_to_business_as_usual_kwh,-320.85581211093813,-213.16367428004742,-157.6551467180252,-97.4333228468895,-203.42827975470573,-110.50308507401496,0.0,-277.78892320394516,-215.278305105865,-199.23101916210726,-175.33493591099977,-230.33346732147038,-270.6004232345149,-182.30914468411356,-259.38994440063834,-269.5620280429721,-247.66046353103593,
building_battery_total_discharge_kwh,155.4352996563539,143.96885314583778,104.92087411880493,92.61110907793045,128.57535812538117,82.13084065448493,0.0,144.66567891836166,127.97887843847275,117.91745305759832,123.49643424153328,146.95907823555171,155.5237053828314,121.42526494618505,143.3463210053742,144.59868792444468,126.91155984578654,
building_battery_total_throughput_business_as_usual_kwh,1022.9752410650253,776.7111516594887,586.6350484490395,416.77809961140156,727.6341972649097,427.16674929112196,0.17206652462482452,927.5042422115803,753.8543199375272,702.0407352223992,662.9227781556547,815.8287634328008,915.560461230576,667.9116986319423,862.4067607074976,917.7084091156721,821.1638704389334,
building_battery_total_throughput_delta_to_business_as_usual_kwh,-678.9705222803168,-454.7184510026127,-349.00896768504754,-207.37350493157282,-443.1832013456151,-241.982468678616,-0.17206652462482452,-603.641031424515,-465.68705858290195,-437.28004650911316,-385.5378612000495,-490.5079006552696,-571.4053133856505,-397.48355968948454,-546.4214150737971,-592.6883843848482,-538.8261296213605,
building_battery_total_throughput_kwh,344.00471878470853,321.99270065687597,237.62608076399192,209.40459467982873,284.45099591929466,185.18428061250597,0.0,323.8632107870653,288.1672613546252,264.7606887132861,277.38491695560515,325.32086277753115,344.1551478449255,270.42813894245774,315.9853456337005,325.02002473082393,282.3377408175729,
building_comfort_resilience_discomfort_cold_delta_average_c,0.0,0.0,0.0,0.0,0.0,0.0,0.0,0.0,0.0,0.0,0.0,0.0,0.0,0.0,0.0,0.0,0.0,
building_comfort_resilience_discomfort_cold_delta_max_c,0.0,0.0,0.0,0.0,0.0,0.0,0.0,0.0,0.0,0.0,0.0,0.0,0.0,0.0,0.0,0.0,0.0,
building_comfort_resilience_discomfort_cold_delta_min_c,0.0,0.0,0.0,0.0,0.0,0.0,0.0,0.0,0.0,0.0,0.0,0.0,0.0,0.0,0.0,0.0,0.0,
building_comfort_resilience_discomfort_cold_ratio,,,,,,,,,,,,,,,,,,
building_comfort_resilience_discomfort_hot_delta_average_c,0.0,0.0,0.0,0.0,0.0,0.0,0.0,0.0,0.0,0.0,0.0,0.0,0.0,0.0,0.0,0.0,0.0,
building_comfort_resilience_discomfort_hot_delta_max_c,0.0,0.0,0.0,0.0,0.0,0.0,0.0,0.0,0.0,0.0,0.0,0.0,0.0,0.0,0.0,0.0,0.0,
building_comfort_resilience_discomfort_hot_delta_min_c,0.0,0.0,0.0,0.0,0.0,0.0,0.0,0.0,0.0,0.0,0.0,0.0,0.0,0.0,0.0,0.0,0.0,
building_comfort_resilience_discomfort_hot_ratio,,,,,,,,,,,,,,,,,,
building_comfort_resilience_discomfort_overall_ratio,,,,,,,,,,,,,,,,,,
building_comfort_resilience_resilience_one_minus_thermal_ratio,,,,,,,,,,,,,,,,,,
building_comfort_resilience_resilience_unserved_energy_annual_normalized_ratio,0.0,0.0,0.0,0.0,0.0,0.0,0.0,0.0,0.0,0.0,0.0,0.0,0.0,0.0,0.0,0.0,0.0,
building_comfort_resilience_resilience_unserved_energy_outage_normalized_ratio,0.0,0.0,0.0,0.0,0.0,0.0,0.0,0.0,0.0,0.0,0.0,0.0,0.0,0.0,0.0,0.0,0.0,
building_cost_community_market_counterfactual_daily_average_eur,7.747841279435672,5.275973299716698,2.7997323236389295,2.6668343541773942,2.360157870683118,3.1930364908627746,9.706348435310447,2.5301030814011973,4.753308587324963,2.5948503770834037,2.640097027900326,4.654012821290667,3.416613659975015,3.366810596877689,4.492631521202537,2.3452807590275118,2.0471188379940237,
building_cost_community_market_counterfactual_total_eur,645.3306132329963,439.4446094222367,233.19437145642587,222.1250780833588,196.58148264564807,265.9533310514453,808.4579384243995,210.73650248837475,395.9109944192751,216.1294126579052,219.89808161553134,387.6404845733352,284.57544609541895,280.42726596493753,374.1987671201614,195.34234322066652,170.50793988125224,
building_cost_community_market_savings_daily_average_eur,1.5698783587185265,0.471723439828979,0.22956945896303022,0.37289776515820894,0.25551145456282376,0.19595862071041112,0.523227929147286,0.4092956709896365,0.4645026066200975,0.23081544375891855,0.32126838006616265,0.5359445788245314,0.9346555205472549,0.2532189784058195,0.9304891606148418,0.39437765506570266,0.3198098937257524,
building_cost_community_market_savings_total_eur,130.75778496159728,39.29063150908871,19.121222852795725,31.059276356302487,21.281974902961863,16.321720116671326,43.580526265226034,34.090918596178476,38.68919627639896,19.22500300308659,26.7589788230108,44.63971721125993,77.84901606558178,21.09103074305138,77.50199300287787,32.848372186514155,26.637499064907463,
building_cost_community_market_settled_daily_average_eur,6.177962920717146,4.804249859887719,2.570162864675901,2.2939365890191836,2.1046464161203002,2.997077870152367,9.183120506163178,2.120807410411561,4.288805980704871,2.3640349333244908,2.3188286478341595,4.118068242466138,2.481958139427766,3.113591618471861,3.5621423605876936,1.950903103961803,1.7273089442682712,
building_cost_community_market_settled_total_eur,514.572828271399,400.15397791314797,214.07314860363024,191.06580172705617,175.29950774268667,249.63161093477424,764.8774121591747,176.64558389219627,357.2217981428766,196.90440965481906,193.13910279252022,343.0007673620754,206.72643002983767,259.33623522188543,296.6967741172833,162.49397103415185,143.87044081634477,
building_cost_daily_average_baseline_eur,4.729724003911968,3.095204469557762,2.676384763158726,-0.012720844665032639,2.2246331993625135,3.076799342077419,2.1287966558885496,2.3812193408443254,4.512690436755119,2.5092587110079347,2.4636742754997503,1.4144481365576673,0.7893782120890327,3.260246197316754,1.6597273184751802,2.135157446827771,1.9228885908672522,
building_cost_daily_average_business_as_usual_eur,7.368441261433183,6.876124205339612,2.314332807636061,3.656507997053119,1.7752835329443248,2.8489418209508024,15.46454805290821,1.7199616610665096,4.175443185829038,2.057164370481652,2.0227785327788124,5.035221767500339,3.5422462547516065,2.9610185267710327,4.640890125072648,1.5683892421956989,1.3580041040042945,
building_cost_daily_average_control_eur,6.177962920717146,4.804249859887719,2.570162864675901,2.2939365890191836,2.1046464161203002,2.997077870152367,9.183120506163178,2.120807410411561,4.288805980704871,2.3640349333244908,2.3188286478341595,4.118068242466138,2.481958139427766,3.113591618471861,3.5621423605876936,1.950903103961803,1.7273089442682712,
building_cost_daily_average_delta_eur,1.4482389168051784,1.7090453903299574,-0.10622189848282541,2.306657433684216,-0.11998678324221339,-0.07972147192505213,7.054323850274628,-0.26041193043276434,-0.22388445605024823,-0.1452237776834439,-0.14484562766559056,2.7036201059084704,1.6925799273387332,-0.14665457884489297,1.9024150421125134,-0.1842543428659681,-0.1955796465989809,
building_cost_daily_average_delta_to_business_as_usual_eur,-1.1904783407160373,-2.071874345451893,0.25583005703983996,-1.3625714080339355,0.3293628831759754,0.14813604920156465,-6.281427546745032,0.40084574934505124,0.11336279487583312,0.306870562842839,0.2960501150553472,-0.9171535250342009,-1.0602881153238406,0.1525730917008281,-1.0787477644849544,0.38251386176610414,0.3693048402639767,
building_cost_ratio_to_baseline_total_ratio,1.306199455952892,1.5521591245873794,0.9603114245959687,-180.3289521587203,0.9460644643455844,0.9740894796632318,4.31376124194924,0.890639251090398,0.9503878098469272,0.9421248287207861,0.9412074765296605,2.911431063487596,3.14419387489736,0.9550173299901116,2.146221443086383,0.9137045639703447,0.8982886228937624,
building_cost_ratio_to_business_as_usual_total_ratio,0.838435525441851,0.6986857299868157,1.1105416023986427,0.627357191852973,1.1855269184127022,1.0519968670866455,0.5938175803615697,1.2330550490855103,1.027149883217325,1.1491716302528563,1.14635814561896,0.8178524070272463,0.7006735164441041,1.0515272330522052,0.7675558491124441,1.2438896234907835,1.2719467777564306,
building_cost_total_baseline_eur,393.94659515916766,257.8047389435819,222.92054756476224,-1.0595403535583436,185.2934068969027,256.2717452005317,177.31102146338378,198.33572759782527,375.86950762806185,209.00034013770258,205.2035365301667,117.81174270744904,65.74862691524902,271.55133951817464,138.24145456799522,177.84082234202978,160.16059554765155,
building_cost_total_business_as_usual_eur,613.7297534002056,572.7238452697452,192.7646367693536,304.5566452545494,147.86632426482106,237.2931125033606,1288.0679815734798,143.25847335299804,347.779622019677,171.34464902470094,168.4805952927019,419.39201305138243,295.0395943020192,246.62816812563727,386.547473334176,130.6337539645501,113.11042516269104,
building_cost_total_control_eur,514.572828271399,400.15397791314797,214.07314860363024,191.06580172705617,175.29950774268667,249.63161093477424,764.8774121591747,176.64558389219627,357.2217981428766,196.90440965481906,193.13910279252022,343.0007673620754,206.72643002983767,259.33623522188543,296.6967741172833,162.49397103415185,143.87044081634477,
building_cost_total_delta_eur,120.62623311223132,142.34923896956604,-8.847398961132,192.1253420806145,-9.993899154216024,-6.640134265757467,587.5663906957909,-21.690143705628998,-18.64770948518526,-12.095930482883517,-12.064433737646482,225.18902465462637,140.97780311458865,-12.215104296289212,158.4553195492881,-15.346851307877927,-16.290154731306785,
building_cost_total_delta_to_business_as_usual_eur,-99.15692512880662,-172.56986735659723,21.308511834276658,-113.49084352749321,27.43318347786561,12.338498431413655,-523.1905694143051,33.38711053919823,9.442176123199602,25.55976063011812,24.658507499818313,-76.39124568930703,-88.31316427218155,12.708067096248158,-89.85069921689268,31.86021706960176,30.760015653653724,
building_deferrable_appliance_ratio_to_business_as_usual_average_start_delay_ratio,1.0,1.0,1.0,1.0,1.0,1.0,1.0,1.0,1.0,1.0,1.0,1.0,1.0,1.0,1.0,1.0,1.0,
building_deferrable_appliance_ratio_to_business_as_usual_completed_cycles_ratio,1.0,1.0,1.0,1.0,1.0,1.0,1.0,1.0,1.0,1.0,1.0,1.0,1.0,1.0,1.0,1.0,1.0,
building_deferrable_appliance_ratio_to_business_as_usual_missed_cycles_ratio,1.0,1.0,1.0,1.0,1.0,1.0,1.0,1.0,1.0,1.0,1.0,1.0,1.0,1.0,1.0,1.0,1.0,
building_deferrable_appliance_ratio_to_business_as_usual_served_energy_total_ratio,1.0,1.0,1.0,1.0,1.0,1.0,1.0,1.0,1.0,1.0,1.0,1.0,1.0,1.0,1.0,1.0,1.0,
building_deferrable_appliance_ratio_to_business_as_usual_service_level_ratio,1.0,1.0,1.0,1.0,1.0,1.0,1.0,1.0,1.0,1.0,1.0,1.0,1.0,1.0,1.0,1.0,1.0,
building_deferrable_appliance_ratio_to_business_as_usual_unserved_energy_total_ratio,1.0,1.0,1.0,1.0,1.0,1.0,1.0,1.0,1.0,1.0,1.0,1.0,1.0,1.0,1.0,1.0,1.0,
building_deferrable_appliance_service_average_start_delay_business_as_usual_hours,0.0,0.0,0.0,0.0,0.0,0.0,0.0,0.0,0.0,0.0,0.0,0.0,0.0,0.0,0.0,0.0,0.0,
building_deferrable_appliance_service_average_start_delay_delta_to_business_as_usual_hours,0.0,0.0,0.0,0.0,0.0,0.0,0.0,0.0,0.0,0.0,0.0,0.0,0.0,0.0,0.0,0.0,0.0,
building_deferrable_appliance_service_average_start_delay_hours,0.0,0.0,0.0,0.0,0.0,0.0,0.0,0.0,0.0,0.0,0.0,0.0,0.0,0.0,0.0,0.0,0.0,
building_deferrable_appliance_service_completed_cycles_business_as_usual_count,84.0,0.0,0.0,0.0,0.0,0.0,0.0,0.0,0.0,0.0,0.0,0.0,0.0,0.0,0.0,0.0,0.0,
building_deferrable_appliance_service_completed_cycles_count,84.0,0.0,0.0,0.0,0.0,0.0,0.0,0.0,0.0,0.0,0.0,0.0,0.0,0.0,0.0,0.0,0.0,
building_deferrable_appliance_service_completed_cycles_delta_to_business_as_usual_count,0.0,0.0,0.0,0.0,0.0,0.0,0.0,0.0,0.0,0.0,0.0,0.0,0.0,0.0,0.0,0.0,0.0,
building_deferrable_appliance_service_missed_cycles_business_as_usual_count,0.0,0.0,0.0,0.0,0.0,0.0,0.0,0.0,0.0,0.0,0.0,0.0,0.0,0.0,0.0,0.0,0.0,
building_deferrable_appliance_service_missed_cycles_count,0.0,0.0,0.0,0.0,0.0,0.0,0.0,0.0,0.0,0.0,0.0,0.0,0.0,0.0,0.0,0.0,0.0,
building_deferrable_appliance_service_missed_cycles_delta_to_business_as_usual_count,0.0,0.0,0.0,0.0,0.0,0.0,0.0,0.0,0.0,0.0,0.0,0.0,0.0,0.0,0.0,0.0,0.0,
building_deferrable_appliance_service_served_energy_total_business_as_usual_kwh,1516.478,0.0,0.0,0.0,0.0,0.0,0.0,0.0,0.0,0.0,0.0,0.0,0.0,0.0,0.0,0.0,0.0,
building_deferrable_appliance_service_served_energy_total_delta_to_business_as_usual_kwh,0.0,0.0,0.0,0.0,0.0,0.0,0.0,0.0,0.0,0.0,0.0,0.0,0.0,0.0,0.0,0.0,0.0,
building_deferrable_appliance_service_served_energy_total_kwh,1516.478,0.0,0.0,0.0,0.0,0.0,0.0,0.0,0.0,0.0,0.0,0.0,0.0,0.0,0.0,0.0,0.0,
building_deferrable_appliance_service_service_level_business_as_usual_ratio,1.0,,,,,,,,,,,,,,,,,
building_deferrable_appliance_service_service_level_delta_to_business_as_usual_ratio,0.0,,,,,,,,,,,,,,,,,
building_deferrable_appliance_service_service_level_ratio,1.0,,,,,,,,,,,,,,,,,
building_deferrable_appliance_service_unserved_energy_total_business_as_usual_kwh,0.0,0.0,0.0,0.0,0.0,0.0,0.0,0.0,0.0,0.0,0.0,0.0,0.0,0.0,0.0,0.0,0.0,
building_deferrable_appliance_service_unserved_energy_total_delta_to_business_as_usual_kwh,0.0,0.0,0.0,0.0,0.0,0.0,0.0,0.0,0.0,0.0,0.0,0.0,0.0,0.0,0.0,0.0,0.0,
building_deferrable_appliance_service_unserved_energy_total_kwh,0.0,0.0,0.0,0.0,0.0,0.0,0.0,0.0,0.0,0.0,0.0,0.0,0.0,0.0,0.0,0.0,0.0,
building_electrical_service_phase_imbalance_phase_average_ratio,,,,,,,,,,,,,,,,,,
building_electrical_service_phase_violations_energy_total_kwh,0.0,0.0,0.0,0.0,0.0,0.0,0.0,0.0,0.0,0.0,0.0,0.0,0.0,0.0,0.0,0.0,0.0,
building_electrical_service_phase_violations_event_count,0.0,0.0,0.0,0.0,0.0,0.0,0.0,0.0,0.0,0.0,0.0,0.0,0.0,0.0,0.0,0.0,0.0,
building_emissions_daily_average_baseline_kgco2,5.948456013941156,3.7188560283407863,3.1915437730229326,0.3568072782935976,2.728884520568932,3.7623409322243013,3.310550496764176,3.040920928795657,6.148768732644545,3.003399299119559,2.873600477208291,1.8114122987019743,1.8861662871273326,3.952050705809721,2.67235814357576,2.5585867248570744,2.5077346421800564,
building_emissions_daily_average_business_as_usual_kgco2,10.011750804362855,7.559425692901288,2.6037049719252736,4.509923889119873,1.9867309257963286,3.3383838296726815,17.897423618448762,2.06408558559697,5.378203003113216,2.2913762831511697,2.226908583146095,7.4722574181337205,5.215208836037454,3.264574718338974,6.524990407781159,1.6178865441127153,1.6690789024787431,
building_emissions_daily_average_control_kgco2,7.669572421320001,5.61870218689538,3.113797666045025,2.992584214495415,2.683447936853313,3.7195174556560455,10.753973238175051,2.832020397952583,5.958063530106015,2.8789601789865844,2.794174097750081,4.628833910885741,3.791024394440931,3.8177577944306096,4.926086601257356,2.4823482549403306,2.355722432147307,
building_emissions_daily_average_delta_kgco2,1.7211164073788445,1.8998461585545938,-0.07774610697790764,2.6357769362018173,-0.045436583715619115,-0.04282347656825577,7.443422741410876,-0.20890053084307442,-0.1907052025385294,-0.12443912013297423,-0.07942637945820988,2.8174216121837663,1.9048581073135986,-0.13429291137911137,2.253728457681595,-0.07623846991674386,-0.15201221003274937,
building_emissions_daily_average_delta_to_business_as_usual_kgco2,-2.342178383042854,-1.9407235060059085,0.5100926941197512,-1.5173396746244583,0.6967170110569842,0.381133625983364,-7.143450380273711,0.7679348123556129,0.5798605269927988,0.5875838958354147,0.567265514603986,-2.843423507247979,-1.4241844415965228,0.5531830760916354,-1.5989038065238033,0.8644617108276154,0.6866435296685638,
building_emissions_ratio_to_baseline_total_ratio,1.2893383431507492,1.5108684348294692,0.9756399684581895,8.387116509526406,0.9833497594445124,0.9886178638938661,3.2483942621283934,0.9313035308268247,0.9689848145489596,0.9585672407363705,0.9723599783309569,2.555372906655586,2.009909953493408,0.9660194361419265,1.8433482103061172,0.9702028978826182,0.939382657368963,
building_emissions_ratio_to_business_as_usual_total_ratio,0.7660570634636457,0.7432710387207916,1.1959103276369174,0.66355536990657,1.3506851390948795,1.1141671076272655,0.6008671117942249,1.372046012875727,1.1078167794442013,1.2564327387675287,1.2547322862272927,0.6194692784074138,0.7269170830216214,1.1694502726447311,0.7549569107998865,1.5343154091819862,1.4113906949808257,
building_emissions_total_baseline_kgco2,495.45681549451547,309.7497166938847,265.82900009470177,29.7190728878709,227.29333985905396,313.37164681318245,275.7412684596495,253.2833723609383,512.1411956898519,250.15813328916659,239.34697308080723,150.8755493793853,157.10193366531408,329.17289003806803,222.58516370866437,213.10895262455384,208.87339790491387,
building_emissions_total_business_as_usual_kgco2,833.8954107467227,629.6371650045699,216.8669266199426,375.6390772646095,165.47813002778588,278.05955314648713,1490.7062422199615,171.9211285670143,447.9594918009717,190.85254958413284,185.4829274045435,622.3767741187212,434.3834359682863,271.9118692483171,543.4773260481057,134.7564667367216,139.02036358562532,
building_emissions_total_control_kgco2,638.8114695924451,467.9910696501611,259.3533972676669,249.25732686568062,223.50885107374052,309.8048080773515,895.7163542963305,235.88369897946723,496.25704152841354,239.7933915747576,232.73141755843383,385.5432911608582,315.7607401869759,317.9874096277829,410.3019631630606,206.7589234010717,196.2120475776028,
building_emissions_total_delta_kgco2,143.3546540979296,158.2413529562764,-6.475602827034891,219.53825397780972,-3.7844887853134423,-3.56683873583097,619.9750858366809,-17.399673381471075,-15.884154161438346,-10.364741714408979,-6.615555522373398,234.6677417814729,158.65880652166183,-11.185480410285152,187.7167994543962,-6.3500292234821245,-12.661350327311084,
building_emissions_total_delta_to_business_as_usual_kgco2,-195.08394115427768,-161.64609535440877,42.486470647724275,-126.38175039892889,58.030721045954635,31.74525493086435,-594.989887923631,63.96257041245292,48.29754972744183,48.94084199062476,47.248490153890344,-236.833482957863,-118.62269578131037,46.07554037946579,-133.17536288504516,72.00245666435012,57.19168399197747,
building_energy_grid_community_market_grid_export_after_local_daily_average_kwh,30.59542705196899,8.569593712774797,2.735748664724832,1.146241089307789,3.5822850734651177,1.5818436561623888,0.018870130407654624,9.425061523309605,4.380683201522752,3.814131720647602,4.131463338642329,7.145607958546324,17.721055236863588,2.5428521208589148,20.48739770213236,5.911481097016503,5.739785919509386,
building_energy_grid_community_market_grid_export_after_local_total_kwh,2548.3441115369174,713.7757429932008,227.86506586603917,95.47233073026126,298.3744942440321,131.75439452785898,1.5717246118708998,785.0290827123292,364.8744049934992,317.6853878989399,344.1164672477507,595.169596213921,1476.0162257704299,211.79839123320713,1706.4295002734411,492.37711303899954,478.07633554580264,
building_energy_grid_community_market_grid_import_after_local_daily_average_kwh,51.05683448113229,31.66040364581041,14.964316444817348,15.287426095051819,12.484994075684925,17.096191894593808,49.90795061008228,15.385376537049707,26.353866917385098,14.154427661313894,14.23132800837251,31.54238129156999,22.904461760091007,18.633247051925014,28.670831492444883,12.887628417765427,11.751517083521648,
building_energy_grid_community_market_grid_import_after_local_total_kwh,4252.608838657644,2637.0477869989586,1246.402857216245,1273.3151985003578,1039.895964887257,1423.970316553876,4156.916386231437,1281.4736540650986,2195.057498660534,1178.9458706236032,1185.3510286973603,2627.2175084103505,1907.7507941009135,1551.9942023665876,2388.0413397248885,1073.4320502963787,978.803443748324,
building_energy_grid_community_market_local_export_daily_average_kwh,14.38913205529905,3.5488924916301574,1.4729926189781621,2.6208970433581373,1.790811099481049,0.796229174694859,0.3703690792382096,3.6112868367606237,2.3539105036922416,1.4748984836162458,2.5732800959232223,5.192777137081554,8.103732436578508,1.2479029913031645,8.36404045885148,3.2779744866378238,2.6849709862357423,
building_energy_grid_community_market_local_export_total_kwh,1198.4947907726169,295.5931704486952,122.68801022238942,218.2988829030382,149.15964116094239,66.3192550089593,30.848657891549212,300.79009944518697,196.06112903669964,122.84675286453647,214.33278798960507,432.5150623760844,674.9733808633515,103.93991998395941,696.6548698851713,273.02795828287543,223.6357083952187,
building_energy_grid_community_market_local_import_daily_average_kwh,1.3664839602863705,4.1317025832057865,3.3541421826802162,4.089203887613432,3.0109296125729186,4.4729583771659955,17.60956281581579,1.258620044855115,7.357277186357623,2.747792839644639,2.449223532932122,0.8983954753267483,1.2446926307568886,4.22451168053213,2.1140128895128396,1.782085843623227,1.7625024364784196,
building_energy_grid_community_market_local_import_total_kwh,113.81672652551894,344.13639432618197,279.37209263240635,340.5966071391355,250.78534564721937,372.5601581647844,1466.7298362006568,104.83256123605729,612.7998789803704,228.86824526873477,203.99991009713798,74.82885646575708,103.67252370345919,351.866618724322,176.0796569223403,148.43290005845128,146.80176543834838,
building_energy_grid_daily_average_export_baseline_kwh,48.50647519885927,13.699238412555543,4.929454670601215,3.824700313934515,5.959507324804122,2.846952946305931,0.00731605033447529,14.539166063711367,8.116682827263965,6.28844669393416,7.510683974179403,13.147972999992275,29.465264057624093,4.835987142208459,30.81914666195164,10.00916718622635,9.554925956625889,
building_energy_grid_daily_average_export_business_as_usual_kwh,41.96056875555201,8.01164651379593,1.0388010263919603,0.8657476090380699,1.2095656685601954,0.031151171820261527,0.005250220375695546,8.475538599770283,3.187052379509973,1.6674290154615659,3.1394014407469686,7.7757669331383825,22.754067379822875,0.46367354585620024,24.074209247690145,3.963572136672952,4.193142921756533,
building_energy_grid_daily_average_export_control_kwh,44.984559107268076,12.11848620440496,4.208741283702993,3.767138132665925,5.3730961729461635,2.378072830857248,0.3892392096458643,13.036348360070232,6.734593705214996,5.28903020426385,6.704743434565552,12.338385095627881,25.82478767344211,3.7907551121620786,28.851438160983843,9.189455583654325,8.424756905745124,
building_energy_grid_daily_average_export_delta_kwh,-3.5219160915911942,-1.580752208150584,-0.7207133868982221,-0.05756218126858992,-0.5864111518579581,-0.4688801154486831,0.381923159311389,-1.5028177036411348,-1.38208912204897,-0.9994164896703112,-0.8059405396138506,-0.8095879043643924,-3.640476384181986,-1.0452320300463798,-1.9677085009677937,-0.8197116025720255,-1.130169050880764,
building_energy_grid_daily_average_export_delta_to_business_as_usual_kwh,3.0239903517160656,4.10683969060903,3.1699402573110333,2.901390523627855,4.163530504385968,2.3469216590369864,0.3839889892701687,4.560809760299948,3.547541325705023,3.621601188802284,3.5653419938185835,4.562618162489499,3.0707202936192353,3.3270815663058784,4.777228913293698,5.225883446981373,4.2316139839885905,
building_energy_grid_daily_average_import_baseline_kwh,39.21482600445387,22.09087768472869,18.705593239491794,2.1323763347354294,15.75456759813668,21.7868335998434,18.420448801673512,17.732224734992965,34.706525811870556,17.554353960602214,17.121605041400795,11.388934020442857,10.684997141891214,23.5718939072518,15.079950880615494,15.059339038871132,14.301841942473255,
building_energy_grid_daily_average_import_business_as_usual_kwh,61.43710493953482,45.806599672149964,15.553104746705895,24.798826599688443,11.768530941181156,19.474070123705467,103.89042506553865,12.660233565153792,30.585379039204344,13.746668454928841,13.533834724949989,41.98058784982372,29.439713269268342,19.925257698106307,36.0970048403053,10.086924304334934,9.804729114137048,
building_energy_grid_daily_average_import_control_kwh,52.42331844141866,35.792106229016156,18.31845862749757,19.37662998266516,15.495923688257855,21.5691502717598,67.51751342589861,16.643996581904823,33.711144103742704,16.902220500958546,16.680551541304634,32.440776766896754,24.149154390847887,22.857758732457132,30.7848443819577,14.669714261388659,13.514019520000078,
building_energy_grid_daily_average_import_delta_kwh,13.20849243696479,13.701228544287469,-0.3871346119942219,17.24425364792973,-0.2586439098788238,-0.2176833280836003,49.0970646242251,-1.0882281530881417,-0.9953817081278475,-0.65213345964367,-0.44105350009616223,21.051842746453893,13.46415724895667,-0.7141351747946658,15.704893501342207,-0.3896247774824731,-0.7878224224731766,
building_energy_grid_daily_average_import_delta_to_business_as_usual_kwh,-9.013786498116161,-10.014493443133809,2.7653538807916753,-5.422196617023282,3.727392747076699,2.0950801480543326,-36.37291163964004,3.9837630167510305,3.12576506453836,3.1555520460297046,3.1467168163546457,-9.539811082926967,-5.290558878420455,2.9325010343508247,-5.312160458347602,4.582789957053725,3.7092904058630296,
building_energy_grid_daily_average_net_exchange_baseline_kwh,-9.2916491944054,8.391639272173146,13.776138568890577,-1.6923239791990852,9.795060273332558,18.939880653537468,18.413132751339038,3.193058671281599,26.589842984606587,11.265907266668053,9.610921067221392,-1.7590389795494157,-18.78026691573288,18.73590676504334,-15.73919578133614,5.050171852644781,4.746915985847366,
building_energy_grid_daily_average_net_exchange_business_as_usual_kwh,19.4765361839828,37.79495315835403,14.514303720313933,23.933078990650372,10.558965272620961,19.442918951885208,103.88517484516296,4.18469496538351,27.398326659694373,12.079239439467276,10.39443328420302,34.204820916685335,6.6856458894454684,19.461584152250108,12.022795592615157,6.123352167661983,5.611586192380515,
building_energy_grid_daily_average_net_exchange_control_kwh,7.438759334150584,23.6736200246112,14.109717343794577,15.609491849999237,10.122827515311691,19.191077440902554,67.12827421625275,3.6076482218345918,26.97655039852771,11.613190296694695,9.97580810673908,20.102391671268865,-1.6756332825942224,19.067003620295054,1.93340622097386,5.480258677734334,5.089262614254953,
building_energy_grid_daily_average_net_exchange_delta_kwh,16.730408528555984,15.281980752438052,0.3335787749040001,17.301815829198322,0.3277672419791343,0.2511967873650828,48.71514146491371,0.4145895505529931,0.3867074139211224,0.34728303002664124,0.3648870395176884,21.86143065081828,17.104633633138658,0.33109685525171395,17.67260200231,0.4300868250895524,0.34234662840758756,
building_energy_grid_daily_average_net_exchange_delta_to_business_as_usual_kwh,-12.037776849832218,-14.121333133742834,-0.40458637651935625,-8.323587140651135,-0.43613775730926996,-0.25184151098265417,-36.756900628910216,-0.5770467435489186,-0.4217762611666629,-0.46604914277258125,-0.4186251774639391,-14.10242924541647,-8.36127917203969,-0.3945805319550537,-10.089389371641298,-0.643093489927649,-0.5223235781255617,
building_energy_grid_ratio_to_baseline_export_total_ratio,0.9273928670934635,0.8846102125865769,0.8537944995829891,0.9849498845546476,0.9016007330979776,0.8353045785118861,53.20346250375828,0.8966365954515059,0.8297224184482695,0.8410710087382391,0.8926941218157292,0.9384248884322421,0.8764485403198001,0.7838637698343731,0.9361530504867266,0.9181039154086632,0.881718701326299,
building_energy_grid_ratio_to_baseline_import_total_ratio,1.3368239460112514,1.6202211039246783,0.9793038046408017,9.086871612214397,0.9835829255060345,0.9900084917302914,3.6653565910817867,0.93862991421823,0.9713200418410246,0.9628506146619081,0.9742399442675103,2.848447160082441,2.2600992840858685,0.9697039543108174,2.04144195333753,0.9741273653195021,0.9449146182958769,
building_energy_grid_ratio_to_baseline_net_exchange_total_ratio,-0.8005854696526361,2.821096004819157,1.0242142435803667,-9.223701869063296,1.0334625038369079,1.0132628495374476,3.6456737222714612,1.129840880871315,1.014543426004621,1.0308260153227191,1.0379658762116106,-11.42805355934646,0.08922308133919472,1.017671781750615,-0.1228402167324542,1.0851628098288013,1.0721197993451481,
building_energy_grid_ratio_to_business_as_usual_export_total_ratio,1.0720674300039352,1.5126086982915579,4.0515374713491585,4.351312199235044,4.44216987353983,76.3397551969614,74.13768980969644,1.5381144462516594,2.113110455451779,3.1719672353187267,2.1356757207100823,1.5867740380752355,1.1349525885794902,8.175482828467663,1.1984376252670503,2.3184781976411846,2.009174755773872,
building_energy_grid_ratio_to_business_as_usual_import_total_ratio,0.8532843221211782,0.7813744413510236,1.1778007623447255,0.7813526944419458,1.3167254065699552,1.1075830648008207,0.6498915889823879,1.3146674187525258,1.1021980162656069,1.229550312963159,1.232507406829314,0.7727566103396757,0.8202917660905621,1.1471750618627898,0.8528365308465667,1.4543297658220984,1.3783164596066964,
building_energy_grid_ratio_to_business_as_usual_net_exchange_total_ratio,0.38193440886414404,0.6263698733908467,0.9721249889546472,0.6522141115272798,0.9586950287221647,0.9870471346609078,0.6461776121213154,0.8621054226598726,0.9846057656584138,0.9614173437733314,0.959726021994855,0.5877063856066788,-0.2506314738026314,0.9797251586064009,0.16081170191077934,0.8949768897297974,0.90692051049046,
building_energy_grid_total_export_baseline_kwh,4040.18516343832,1141.0323994457722,410.5824952721596,318.565663648129,496.3772975951433,237.12745581939816,0.609366025775671,1210.9913733899593,676.0520404875278,523.7752058822662,625.5773860160261,1095.11658445769,2454.2109521329403,402.79742905311286,2566.9780907183886,833.6802168861032,795.8457078039646,
building_energy_grid_total_export_business_as_usual_kwh,3494.9657059311867,667.3033908782527,86.52346882323036,72.10956126946257,100.74674047715962,2.594633019529283,0.43729960545897484,705.9417358725332,265.45490444335155,138.88294174615294,261.4859783355496,647.6565874726512,1895.2241955110803,38.62014242360601,2005.1810119221918,330.13252921705134,349.25386252463795,
building_energy_grid_total_export_control_kwh,3746.838902309537,1009.3689134418964,350.5530760884285,313.77121363329934,447.5341354049742,198.07364953681827,32.420382503420115,1085.8191821575165,560.935534030199,440.5321407634765,558.4492552373558,1027.6846585900057,2150.9896066337824,315.7383112171665,2403.0843701586127,765.4050713218749,701.712043941021,
building_energy_grid_total_export_delta_kwh,-293.3462611287832,-131.66348600387573,-60.02941918373108,-4.794450014829636,-48.843162190169096,-39.0538062825799,31.811016477644444,-125.17219123244286,-115.1165064573288,-83.24306511878967,-67.12813077867031,-67.43192586768419,-303.2213454991579,-87.05911783594638,-163.89372055977583,-68.2751455642283,-94.13366386294365,
building_energy_grid_total_export_delta_to_business_as_usual_kwh,251.87319637835026,342.06552256364375,264.02960726519814,241.66165236383677,346.7873949278146,195.47901651728898,31.98308289796114,379.8774462849833,295.4806295868475,301.64919901732355,296.96327690180624,380.02807111735456,255.76541112270206,277.11816879356047,397.9033582364209,435.2725421048235,352.458181416383,
building_energy_grid_total_import_baseline_kwh,3266.2682159543037,1839.9860204905272,1558.020036906004,177.60917888067183,1312.2241928614676,1814.66168192029,1534.2698814393898,1476.9465518854558,2890.764379080385,1462.1313986351595,1426.0870199066746,948.6032961193864,889.9712202766891,1963.3423300248478,1256.0342420979323,1254.3174474459747,1191.2242517918348,
building_energy_grid_total_import_business_as_usual_kwh,5117.198865588754,3815.3080310261576,1295.4440161943785,2065.5355988657166,980.2205563092139,1622.027757386968,8653.206654417158,1054.4919540309347,2547.507195807062,1144.9829267251148,1127.2556506322928,3496.6331296582343,2452.0827843861425,1659.6079224381047,3006.5796948237626,840.1567368485639,816.6522291316651,
building_energy_grid_total_import_control_kwh,4366.425565183163,2981.1841813251376,1525.7749498486519,1613.9118056394857,1290.6813105344772,1796.5304747186601,5623.6462224321385,1386.306215301156,2807.857377640903,1407.8141158923388,1389.3509387944985,2702.046364876109,2011.423317804372,1903.8608210909088,2564.120996647227,1221.8649503548304,1125.6052091866732,
building_energy_grid_total_import_delta_kwh,1100.157349228859,1141.1981608346105,-32.245087057352066,1436.3026267588139,-21.542882326990366,-18.131207201629877,4089.3763409927487,-90.6403365842998,-82.90700143948197,-54.31728274282068,-36.73608111217618,1753.4430687567224,1121.4520975276828,-59.48150893393904,1308.0867545492947,-32.45249709114432,-65.61904260516167,
building_energy_grid_total_import_delta_to_business_as_usual_kwh,-750.7733004055917,-834.1238497010199,230.3309336542734,-451.6237932262309,310.4607542252634,174.5027173316921,-3029.560431985019,331.8142612702213,260.3501818338409,262.831189167224,262.09528816220563,-794.5867647821256,-440.65946658177063,244.2528986528041,-442.45869817653556,381.7082135062665,308.9529800550081,
building_energy_grid_total_net_exchange_baseline_kwh,-773.9169474840164,698.953621044755,1147.4375416338444,-140.95648476745714,815.8468952663243,1577.5342261008918,1533.6605154136141,265.9551784954965,2214.712338592857,938.3561927528933,800.5096338906485,-146.51328833830343,-1564.2397318562512,1560.544900971735,-1310.943848620456,420.6372305598716,395.3785439878702,
building_energy_grid_total_net_exchange_business_as_usual_kwh,1622.2331596575677,3148.004640147905,1208.9205473711481,1993.426037596254,879.4738158320542,1619.4331243674387,8652.769354811699,348.55021815840155,2282.0522913637105,1006.099984978962,865.7696722967432,2848.976542185583,556.8585888750622,1620.9877800144986,1001.3986829015709,510.02420763151264,467.3983666070271,
building_energy_grid_total_net_exchange_control_kwh,619.5866628736258,1971.8152678832412,1175.2218737602234,1300.1405920061866,843.147175129503,1598.4568251818419,5591.225839928718,300.48703314363956,2246.921843610704,967.2819751288623,830.9016835571426,1674.3617062861026,-139.56628882941044,1588.1225098737423,161.03662648861444,456.4598790329556,423.8931652456522,
building_energy_grid_total_net_exchange_delta_kwh,1393.5036103576422,1272.8616468384862,27.784332126379013,1441.0970767736437,27.30027986317873,20.92259908095002,4057.5653245151043,34.53185464814305,32.20950501784682,28.925782375968993,30.39204966649413,1820.874994624406,1424.6734430268407,27.57760890200734,1471.9804751090705,35.82264847308397,28.514621257781982,
building_energy_grid_total_net_exchange_delta_to_business_as_usual_kwh,-1002.646496783942,-1176.1893722646637,-33.69867361092474,-693.2854455900674,-36.32664070255123,-20.976299185596872,-3061.54351488298,-48.063185014761984,-35.13044775300659,-38.818009850099656,-34.867988739600605,-1174.6148358994806,-696.4248777044727,-32.865270140756365,-840.3620564129565,-53.56432859855704,-43.50520136137493,
building_equity_benefit_relative_percent,-30.619945595289195,-55.21591245873793,3.9688575404031248,,5.393553565441555,2.591052033676825,-331.37612419492393,10.936074890960205,4.961219015307282,5.787517127921398,5.879252347033944,-191.1431063487596,-214.419387489736,4.498267000988838,-114.62214430863828,8.629543602965532,10.171137710623759,
building_ev_events_departure_count,83.0,73.0,0.0,80.0,0.0,0.0,159.0,0.0,0.0,0.0,0.0,83.0,78.0,0.0,80.0,0.0,0.0,
building_ev_events_departure_met_count,3.0,10.0,0.0,11.0,0.0,0.0,38.0,0.0,0.0,0.0,0.0,13.0,6.0,0.0,7.0,0.0,0.0,
building_ev_events_departure_min_acceptable_count,83.0,73.0,0.0,80.0,0.0,0.0,156.0,0.0,0.0,0.0,0.0,83.0,78.0,0.0,80.0,0.0,0.0,
building_ev_events_departure_min_acceptable_feasible_count,83.0,73.0,0.0,80.0,0.0,0.0,154.0,0.0,0.0,0.0,0.0,83.0,78.0,0.0,80.0,0.0,0.0,
building_ev_events_departure_min_acceptable_infeasible_count,0.0,0.0,0.0,0.0,0.0,0.0,5.0,0.0,0.0,0.0,0.0,0.0,0.0,0.0,0.0,0.0,0.0,
building_ev_events_departure_target_feasible_count,83.0,72.0,0.0,80.0,0.0,0.0,152.0,0.0,0.0,0.0,0.0,83.0,78.0,0.0,80.0,0.0,0.0,
building_ev_events_departure_target_infeasible_count,0.0,1.0,0.0,0.0,0.0,0.0,7.0,0.0,0.0,0.0,0.0,0.0,0.0,0.0,0.0,0.0,0.0,
building_ev_events_departure_within_tolerance_count,82.0,73.0,0.0,77.0,0.0,0.0,155.0,0.0,0.0,0.0,0.0,75.0,75.0,0.0,79.0,0.0,0.0,
building_ev_events_departure_within_tolerance_feasible_count,83.0,73.0,0.0,80.0,0.0,0.0,154.0,0.0,0.0,0.0,0.0,83.0,78.0,0.0,80.0,0.0,0.0,
building_ev_events_departure_within_tolerance_infeasible_count,0.0,0.0,0.0,0.0,0.0,0.0,5.0,0.0,0.0,0.0,0.0,0.0,0.0,0.0,0.0,0.0,0.0,
building_ev_performance_departure_min_acceptable_feasible_ratio,1.0,1.0,,1.0,,,1.0,,,,,1.0,1.0,,1.0,,,
building_ev_performance_departure_min_acceptable_ratio,1.0,1.0,,1.0,,,0.9811320754716981,,,,,1.0,1.0,,1.0,,,
building_ev_performance_departure_shortfall_beyond_tolerance_mean_ratio,0.0,0.0,,0.0,,,0.0012534461681198016,,,,,0.0,0.0,,0.0,,,
building_ev_performance_departure_soc_absolute_error_mean_ratio,0.018846841461687202,0.020080071606048164,,0.02110959365963936,,,0.021423466175607166,,,,,0.02765975300087986,0.02086894787274874,,0.021316535770893097,,,
building_ev_performance_departure_soc_deficit_mean_ratio,0.017424437655023783,0.018022525800417546,,0.015999840945005415,,,0.016932517102679366,,,,,0.015272629548268146,0.016563391838318262,,0.01921367272734642,,,
building_ev_performance_departure_soc_surplus_mean_ratio,0.0014224038066634212,0.0020575458056306187,,0.005109752714633942,,,0.0044909490729277985,,,,,0.012387123452611717,0.00430555603443048,,0.0021028630435466766,,,
building_ev_performance_departure_success_feasible_ratio,0.03614457831325301,0.1388888888888889,,0.1375,,,0.24342105263157895,,,,,0.1566265060240964,0.07692307692307693,,0.0875,,,
building_ev_performance_departure_success_ratio,0.03614457831325301,0.136986301369863,,0.1375,,,0.2389937106918239,,,,,0.1566265060240964,0.07692307692307693,,0.0875,,,
building_ev_performance_departure_tolerance_ratio,0.05,0.05,0.05,0.05,0.05,0.05,0.05,0.05,0.05,0.05,0.05,0.05,0.05,0.05,0.05,0.05,0.05,
building_ev_performance_departure_within_tolerance_feasible_ratio,0.9879518072289156,1.0,,0.9625,,,0.9935064935064936,,,,,0.9036144578313253,0.9615384615384616,,0.9875,,,
building_ev_performance_departure_within_tolerance_ratio,0.9879518072289156,1.0,,0.9625,,,0.9748427672955975,,,,,0.9036144578313253,0.9615384615384616,,0.9875,,,
building_ev_ratio_to_business_as_usual_charge_total_ratio,0.5897038419647574,0.5266156540151747,1.0,0.6787291772388809,1.0,1.0,0.5773455348067371,1.0,1.0,1.0,1.0,0.6098575897219741,0.679089907553621,1.0,0.6487064854655814,1.0,1.0,
building_ev_ratio_to_business_as_usual_v2g_export_total_ratio,,,1.0,,1.0,1.0,,1.0,1.0,1.0,1.0,1.0,,1.0,,1.0,1.0,
building_ev_total_charge_business_as_usual_kwh,2325.7570992426104,2386.604916951619,0.0,2097.693298831326,0.0,0.0,7118.936859866662,0.0,0.0,0.0,0.0,2934.246157207266,2057.7861144915223,0.0,2255.40830790624,0.0,0.0,
building_ev_total_charge_delta_to_business_as_usual_kwh,-954.2492023424334,-1129.7814077353105,0.0,-673.9276520160261,0.0,0.0,-3008.85045125155,0.0,0.0,0.0,0.0,-1144.773868121878,-660.3643322363496,0.0,-792.3103111945093,0.0,0.0,
building_ev_total_charge_kwh,1371.507896900177,1256.8235092163086,0.0,1423.7656468153,0.0,0.0,4110.086408615112,0.0,0.0,0.0,0.0,1789.4722890853882,1397.4217822551727,0.0,1463.097996711731,0.0,0.0,
building_ev_total_v2g_export_business_as_usual_kwh,0.0,0.0,0.0,0.0,0.0,0.0,0.0,0.0,0.0,0.0,0.0,0.0,0.0,0.0,0.0,0.0,0.0,
building_ev_total_v2g_export_delta_to_business_as_usual_kwh,11.138398170471191,18.016856968402863,0.0,6.850946009159088,0.0,0.0,52.52105876803398,0.0,0.0,0.0,0.0,0.0,5.856073439121246,0.0,20.41022527217865,0.0,0.0,
building_ev_total_v2g_export_kwh,11.138398170471191,18.016856968402863,0.0,6.850946009159088,0.0,0.0,52.52105876803398,0.0,0.0,0.0,0.0,0.0,5.856073439121246,0.0,20.41022527217865,0.0,0.0,
building_solar_self_consumption_community_market_local_share_of_demand_ratio,0.026066338433217873,0.1154361399345722,0.1831017691436857,0.21103793029395318,0.19430462314772975,0.20737758886229185,0.2608147415728315,0.07562006148351853,0.21824466009567425,0.16256993212748647,0.14683108810085313,0.027693402096447037,0.051541872258210636,0.18481740620236248,0.06867057254808841,0.12148061045154485,0.13042029677920808,
building_solar_self_consumption_community_market_local_share_of_export_ratio,0.3198682468130322,0.2928494889353564,0.3499841210677062,0.6957262916991531,0.3332922102712177,0.3348211898152145,0.9515204790780893,0.2770167486335237,0.3495252433520184,0.278859909407821,0.3837999352304767,0.4208635973699363,0.3137966723696353,0.3291964145347853,0.28990029585985344,0.3567104119278291,0.31870011399435977,
building_solar_self_consumption_daily_average_export_business_as_usual_kwh,41.75208651283015,8.01164651379593,1.0388010263919603,0.8657476090380699,1.2095656685601954,0.031151171820261527,0.005250220375695546,8.475538599770283,3.187052379509973,1.6674290154615659,3.1394014407469686,7.101656737576624,22.702687294867676,0.46367354585620024,23.89539535343833,3.963572136672952,4.193142921756533,
building_solar_self_consumption_daily_average_export_delta_to_business_as_usual_kwh,2.8637994579288772,3.6367950794632264,2.781833153872146,1.952006598811069,3.8858394948779615,2.0299749271671614,0.003155778443115601,4.277580665570756,3.434902247769191,3.3608382160049963,2.9968126422020718,4.101574250444278,2.571334015427084,3.1887619034599153,4.354731362632634,4.4811038830265835,3.760006236276771,
building_solar_self_consumption_daily_average_export_kwh,44.615885970759024,11.648441593259156,3.8206341802641064,2.817754207849139,5.095405163438157,2.061126098987423,0.008405998818811147,12.75311926534104,6.621954627279164,5.028267231466562,6.13621408294904,11.203230988020902,25.27402131029476,3.6524354493161155,28.250126716070966,8.444676019699536,7.9531491580333045,
building_solar_self_consumption_daily_average_generation_business_as_usual_kwh,61.77463718659229,24.262513668137064,20.096412418625658,31.997480550162184,20.128301543007982,6.995492579946327,0.057939768873673185,25.094018293204545,18.46452908279172,15.488976563737932,16.685384381142235,27.649947081391083,42.99214781599381,18.22315915110938,41.61792773363358,19.242725245687193,16.369139452561782,
building_solar_self_consumption_daily_average_generation_delta_to_business_as_usual_kwh,0.0,0.0,0.0,0.0,0.0,0.0,0.0,0.0,0.0,0.0,0.0,0.0,0.0,0.0,0.0,0.0,0.0,
building_solar_self_consumption_daily_average_generation_kwh,61.77463718659229,24.262513668137064,20.096412418625658,31.997480550162184,20.128301543007982,6.995492579946327,0.057939768873673185,25.094018293204545,18.46452908279172,15.488976563737932,16.685384381142235,27.649947081391083,42.99214781599381,18.22315915110938,41.61792773363358,19.242725245687193,16.369139452561782,
building_solar_self_consumption_ratio_self_consumption_business_as_usual_ratio,0.3241225134723718,0.6697932199697311,0.9483091307665847,0.9729432569642211,0.9399072164148711,0.9955469652116334,0.9093848581422086,0.6622486482340113,0.8273959565814114,0.8923473730752959,0.8118472209549389,0.7431583967711761,0.47193409847688766,0.9745558087919145,0.4258388955265728,0.7940223078557288,0.7438385240770673,
building_solar_self_consumption_ratio_self_consumption_delta_to_business_as_usual_ratio,-0.046358822784805354,-0.1498935818937539,-0.13842436629604105,-0.06100500930849617,-0.19305352150925992,-0.29018327215247175,-0.05446653489412745,-0.17046216415364307,-0.18602707019321696,-0.21698258772456502,-0.17960704852499887,-0.14833931646851906,-0.05980938720327211,-0.1749840341632417,-0.10463594897141776,-0.23287262203314563,-0.22970091049522623,
building_solar_self_consumption_ratio_self_consumption_ratio,0.27776369068756646,0.5198996380759772,0.8098847644705437,0.911938247655725,0.7468536949056112,0.7053636930591617,0.8549183232480811,0.49178648408036824,0.6413688863881944,0.6753647853507309,0.63224017242994,0.5948190803026571,0.41212471127361555,0.7995717746286728,0.321202946555155,0.5611496858225832,0.5141376135818411,
building_solar_self_consumption_ratio_to_business_as_usual_export_total_ratio,1.0685905710855637,1.4539385347569593,3.6779268437327337,3.254706312131707,4.2125907636775635,66.1652829909536,1.6010754248953836,1.504697207760542,2.0777677423354195,3.015580984162419,1.9545808966339233,1.5775517463047506,1.1132612180236643,7.8771702245201,1.1822414443545095,2.130572051802759,1.8967035721028276,
building_solar_self_consumption_ratio_to_business_as_usual_generation_total_ratio,1.0,1.0,1.0,1.0,1.0,1.0,1.0,1.0,1.0,1.0,1.0,1.0,1.0,1.0,1.0,1.0,1.0,
building_solar_self_consumption_ratio_to_business_as_usual_self_consumption_ratio,0.8569712967847974,0.7762091681063481,0.8540303348295899,0.9372984921044172,0.7946036394468463,0.7085187517087307,0.9401061779218562,0.7426009632360793,0.7751656039487632,0.7568406718374951,0.7787674282930533,0.8003934058835727,0.8732675019747461,0.8204473950238349,0.7542827814212937,0.7067177839599718,0.6911951948438914,
building_solar_self_consumption_total_export_business_as_usual_kwh,3477.600872464478,667.3033908782527,86.52346882323036,72.10956126946257,100.74674047715962,2.594633019529283,0.43729960545897484,705.9417358725332,265.45490444335155,138.88294174615294,261.4859783355496,591.5088257673196,1890.944662601687,38.62014242360601,1990.2873046468012,330.13252921705134,349.25386252463795,
building_solar_self_consumption_total_export_delta_to_business_as_usual_kwh,238.5306298499927,302.9147234936245,231.70351977460086,162.5858829593053,323.6580479275435,169.07999497529818,0.2628500461578369,356.28682293649763,286.0987330537755,279.92981640808284,249.60951965674758,341.626955276588,214.17069570161402,265.5972935423488,362.7128330792766,373.2386109237559,313.17718609655276,
building_solar_self_consumption_total_export_kwh,3716.1315023144707,970.2181143718772,318.2269885978312,234.69544422876788,424.40478840470314,171.67462799482746,0.7001496516168118,1062.2285588090308,551.553637497127,418.8127581542358,511.09549799229717,933.1357810439076,2105.115358303301,304.2174359659548,2353.000137726078,703.3711401408073,662.4310486211907,
building_solar_self_consumption_total_generation_business_as_usual_kwh,5145.312488999916,2020.8652009419166,1673.8636843680288,2665.1234841572586,1676.5197826863732,582.6662361380295,4.825899915769696,2090.1226070048288,1537.9414015208604,1290.102672954672,1389.7534740793053,2303.010175654199,3580.887645173818,1517.8372976278188,3466.4265641472302,1602.7586569220293,1363.4129069029586,
building_solar_self_consumption_total_generation_delta_to_business_as_usual_kwh,0.0,0.0,0.0,0.0,0.0,0.0,0.0,0.0,0.0,0.0,0.0,0.0,0.0,0.0,0.0,0.0,0.0,
building_solar_self_consumption_total_generation_kwh,5145.312488999916,2020.8652009419166,1673.8636843680288,2665.1234841572586,1676.5197826863732,582.6662361380295,4.825899915769696,2090.1226070048288,1537.9414015208604,1290.102672954672,1389.7534740793053,2303.010175654199,3580.887645173818,1517.8372976278188,3466.4265641472302,1602.7586569220293,1363.4129069029586,
district_battery_health_capacity_fade_business_as_usual_ratio,,,,,,,,,,,,,,,,,,0.0005518685128907308
district_battery_health_capacity_fade_delta_to_business_as_usual_ratio,,,,,,,,,,,,,,,,,,-0.000340443246720158
district_battery_health_capacity_fade_ratio,,,,,,,,,,,,,,,,,,0.00021142526617057284
district_battery_health_equivalent_full_cycles_business_as_usual_count,,,,,,,,,,,,,,,,,,55.169920004366695
district_battery_health_equivalent_full_cycles_count,,,,,,,,,,,,,,,,,,21.140104365693006
district_battery_health_equivalent_full_cycles_delta_to_business_as_usual_count,,,,,,,,,,,,,,,,,,-34.02981563867369
district_battery_ratio_to_business_as_usual_capacity_fade_ratio,,,,,,,,,,,,,,,,,,0.3831080433690819
district_battery_ratio_to_business_as_usual_charge_ratio,,,,,,,,,,,,,,,,,,0.3898723725351339
district_battery_ratio_to_business_as_usual_discharge_ratio,,,,,,,,,,,,,,,,,,0.3752445608881602
district_battery_ratio_to_business_as_usual_equivalent_full_cycles_ratio,,,,,,,,,,,,,,,,,,0.3831817114112141
district_battery_ratio_to_business_as_usual_throughput_ratio,,,,,,,,,,,,,,,,,,0.3831817114112141
district_battery_total_charge_business_as_usual_kwh,,,,,,,,,,,,,,,,,,6513.981220792979
district_battery_total_charge_delta_to_business_as_usual_kwh,,,,,,,,,,,,,,,,,,-3974.3599075931124
district_battery_total_charge_kwh,,,,,,,,,,,,,,,,,,2539.6213131998666
district_battery_total_discharge_business_as_usual_kwh,,,,,,,,,,,,,,,,,,5490.993372157216
district_battery_total_discharge_delta_to_business_as_usual_kwh,,,,,,,,,,,,,,,,,,-3430.5279753822833
district_battery_total_discharge_kwh,,,,,,,,,,,,,,,,,,2060.4653967749327
district_battery_total_throughput_business_as_usual_kwh,,,,,,,,,,,,,,,,,,12004.974592950195
district_battery_total_throughput_delta_to_business_as_usual_kwh,,,,,,,,,,,,,,,,,,-7404.887882975396
district_battery_total_throughput_kwh,,,,,,,,,,,,,,,,,,4600.086709974799
district_comfort_resilience_discomfort_cold_delta_average_c,,,,,,,,,,,,,,,,,,0.0
district_comfort_resilience_discomfort_cold_delta_max_c,,,,,,,,,,,,,,,,,,0.0
district_comfort_resilience_discomfort_cold_delta_min_c,,,,,,,,,,,,,,,,,,0.0
district_comfort_resilience_discomfort_cold_ratio,,,,,,,,,,,,,,,,,,
district_comfort_resilience_discomfort_hot_delta_average_c,,,,,,,,,,,,,,,,,,0.0
district_comfort_resilience_discomfort_hot_delta_max_c,,,,,,,,,,,,,,,,,,0.0
district_comfort_resilience_discomfort_hot_delta_min_c,,,,,,,,,,,,,,,,,,0.0
district_comfort_resilience_discomfort_hot_ratio,,,,,,,,,,,,,,,,,,
district_comfort_resilience_discomfort_overall_ratio,,,,,,,,,,,,,,,,,,
district_comfort_resilience_resilience_one_minus_thermal_ratio,,,,,,,,,,,,,,,,,,
district_comfort_resilience_resilience_unserved_energy_annual_normalized_ratio,,,,,,,,,,,,,,,,,,0.0
district_comfort_resilience_resilience_unserved_energy_outage_normalized_ratio,,,,,,,,,,,,,,,,,,0.0
district_cost_community_market_counterfactual_daily_average_eur,,,,,,,,,,,,,,,,,,66.59075132390237
district_cost_community_market_counterfactual_total_eur,,,,,,,,,,,,,,,,,,5546.454662353369
district_cost_community_market_savings_daily_average_eur,,,,,,,,,,,,,,,,,,8.413144915707985
district_cost_community_market_savings_total_eur,,,,,,,,,,,,,,,,,,700.7448619375109
district_cost_community_market_settled_daily_average_eur,,,,,,,,,,,,,,,,,,58.17760640819442
district_cost_community_market_settled_total_eur,,,,,,,,,,,,,,,,,,4845.709800415861
district_cost_daily_average_baseline_eur,,,,,,,,,,,,,,,,,,40.96751025553269
district_cost_daily_average_business_as_usual_eur,,,,,,,,,,,,,,,,,,69.38529744871695
district_cost_daily_average_control_eur,,,,,,,,,,,,,,,,,,58.17760640819442
district_cost_daily_average_delta_eur,,,,,,,,,,,,,,,,,,17.210096152661734
district_cost_daily_average_delta_to_business_as_usual_eur,,,,,,,,,,,,,,,,,,-11.207691040522533
district_cost_ratio_to_baseline_total_ratio,,,,,,,,,,,,,,,,,,1.4200913368987929
district_cost_ratio_to_business_as_usual_total_ratio,,,,,,,,,,,,,,,,,,0.8384716726363219
district_cost_total_baseline_eur,,,,,,,,,,,,,,,,,,3412.252208367077
district_cost_total_business_as_usual_eur,,,,,,,,,,,,,,,,,,5779.2170666660495
district_cost_total_control_eur,,,,,,,,,,,,,,,,,,4845.709800415861
district_cost_total_delta_eur,,,,,,,,,,,,,,,,,,1433.4575920487837
district_cost_total_delta_to_business_as_usual_eur,,,,,,,,,,,,,,,,,,-933.5072662501889
district_deferrable_appliance_ratio_to_business_as_usual_average_start_delay_ratio,,,,,,,,,,,,,,,,,,1.0
district_deferrable_appliance_ratio_to_business_as_usual_completed_cycles_ratio,,,,,,,,,,,,,,,,,,1.0
district_deferrable_appliance_ratio_to_business_as_usual_missed_cycles_ratio,,,,,,,,,,,,,,,,,,1.0
district_deferrable_appliance_ratio_to_business_as_usual_served_energy_total_ratio,,,,,,,,,,,,,,,,,,1.0
district_deferrable_appliance_ratio_to_business_as_usual_service_level_ratio,,,,,,,,,,,,,,,,,,1.0
district_deferrable_appliance_ratio_to_business_as_usual_unserved_energy_total_ratio,,,,,,,,,,,,,,,,,,1.0
district_deferrable_appliance_service_average_start_delay_business_as_usual_hours,,,,,,,,,,,,,,,,,,0.0
district_deferrable_appliance_service_average_start_delay_delta_to_business_as_usual_hours,,,,,,,,,,,,,,,,,,0.0
district_deferrable_appliance_service_average_start_delay_hours,,,,,,,,,,,,,,,,,,0.0
district_deferrable_appliance_service_completed_cycles_business_as_usual_count,,,,,,,,,,,,,,,,,,84.0
district_deferrable_appliance_service_completed_cycles_count,,,,,,,,,,,,,,,,,,84.0
district_deferrable_appliance_service_completed_cycles_delta_to_business_as_usual_count,,,,,,,,,,,,,,,,,,0.0
district_deferrable_appliance_service_missed_cycles_business_as_usual_count,,,,,,,,,,,,,,,,,,0.0
district_deferrable_appliance_service_missed_cycles_count,,,,,,,,,,,,,,,,,,0.0
district_deferrable_appliance_service_missed_cycles_delta_to_business_as_usual_count,,,,,,,,,,,,,,,,,,0.0
district_deferrable_appliance_service_served_energy_total_business_as_usual_kwh,,,,,,,,,,,,,,,,,,1516.478
district_deferrable_appliance_service_served_energy_total_delta_to_business_as_usual_kwh,,,,,,,,,,,,,,,,,,0.0
district_deferrable_appliance_service_served_energy_total_kwh,,,,,,,,,,,,,,,,,,1516.478
district_deferrable_appliance_service_service_level_business_as_usual_ratio,,,,,,,,,,,,,,,,,,1.0
district_deferrable_appliance_service_service_level_delta_to_business_as_usual_ratio,,,,,,,,,,,,,,,,,,0.0
district_deferrable_appliance_service_service_level_ratio,,,,,,,,,,,,,,,,,,1.0
district_deferrable_appliance_service_unserved_energy_total_business_as_usual_kwh,,,,,,,,,,,,,,,,,,0.0
district_deferrable_appliance_service_unserved_energy_total_delta_to_business_as_usual_kwh,,,,,,,,,,,,,,,,,,0.0
district_deferrable_appliance_service_unserved_energy_total_kwh,,,,,,,,,,,,,,,,,,0.0
district_electrical_service_phase_imbalance_phase_average_ratio,,,,,,,,,,,,,,,,,,
district_electrical_service_phase_violations_energy_total_kwh,,,,,,,,,,,,,,,,,,0.0
district_electrical_service_phase_violations_event_count,,,,,,,,,,,,,,,,,,0.0
district_emissions_daily_average_baseline_kgco2,,,,,,,,,,,,,,,,,,53.47243710432989
district_emissions_daily_average_business_as_usual_kgco2,,,,,,,,,,,,,,,,,,85.63191401411727
district_emissions_daily_average_control_kgco2,,,,,,,,,,,,,,,,,,73.01658671233777
district_emissions_daily_average_delta_kgco2,,,,,,,,,,,,,,,,,,19.544149608007878
district_emissions_daily_average_delta_to_business_as_usual_kgco2,,,,,,,,,,,,,,,,,,-12.615327301779502
district_emissions_ratio_to_baseline_total_ratio,,,,,,,,,,,,,,,,,,1.7940456922190187
district_emissions_ratio_to_business_as_usual_total_ratio,,,,,,,,,,,,,,,,,,0.8526796061139106
district_emissions_total_baseline_kgco2,,,,,,,,,,,,,,,,,,4453.808407148144
district_emissions_total_business_as_usual_kgco2,,,,,,,,,,,,,,,,,,7132.424838092518
district_emissions_total_control_kgco2,,,,,,,,,,,,,,,,,,6081.673201581801
district_emissions_total_delta_kgco2,,,,,,,,,,,,,,,,,,1627.8647944336562
district_emissions_total_delta_to_business_as_usual_kgco2,,,,,,,,,,,,,,,,,,-1050.7516365107176
district_energy_grid_community_market_grid_export_after_local_daily_average_kwh,,,,,,,,,,,,,,,,,,129.52952919786097
district_energy_grid_community_market_grid_export_after_local_total_kwh,,,,,,,,,,,,,,,,,,10788.730369438503
district_energy_grid_community_market_grid_import_after_local_daily_average_kwh,,,,,,,,,,,,,,,,,,388.97318346861215
district_energy_grid_community_market_grid_import_after_local_total_kwh,,,,,,,,,,,,,,,,,,32398.22473973982
district_energy_grid_community_market_local_export_daily_average_kwh,,,,,,,,,,,,,,,,,,63.874097979360215
district_energy_grid_community_market_local_export_total_kwh,,,,,,,,,,,,,,,,,,5320.180077530878
district_energy_grid_community_market_local_import_daily_average_kwh,,,,,,,,,,,,,,,,,,63.87409797936026
district_energy_grid_community_market_local_import_total_kwh,,,,,,,,,,,,,,,,,,5320.180077530882
district_energy_grid_community_market_local_traded_daily_average_kwh,,,,,,,,,,,,,,,,,,63.87409797936026
district_energy_grid_community_market_local_traded_total_kwh,,,,,,,,,,,,,,,,,,5320.180077530882
district_energy_grid_daily_average_export_baseline_kwh,,,,,,,,,,,,,,,,,,166.02210730525957
district_energy_grid_daily_average_export_business_as_usual_kwh,,,,,,,,,,,,,,,,,,85.75592061498259
district_energy_grid_daily_average_export_control_kwh,,,,,,,,,,,,,,,,,,129.52952919786097
district_energy_grid_daily_average_export_delta_kwh,,,,,,,,,,,,,,,,,,-36.492578107398586
district_energy_grid_daily_average_export_delta_to_business_as_usual_kwh,,,,,,,,,,,,,,,,,,43.77360858287838
district_energy_grid_daily_average_import_baseline_kwh,,,,,,,,,,,,,,,,,,267.26820789020377
district_energy_grid_daily_average_import_business_as_usual_kwh,,,,,,,,,,,,,,,,,,453.52833099773954
district_energy_grid_daily_average_import_control_kwh,,,,,,,,,,,,,,,,,,388.97318346861243
district_energy_grid_daily_average_import_delta_kwh,,,,,,,,,,,,,,,,,,121.70497557840865
district_energy_grid_daily_average_import_delta_to_business_as_usual_kwh,,,,,,,,,,,,,,,,,,-64.55514752912711
district_energy_grid_daily_average_net_exchange_baseline_kwh,,,,,,,,,,,,,,,,,,101.24610058494422
district_energy_grid_daily_average_net_exchange_business_as_usual_kwh,,,,,,,,,,,,,,,,,,367.772410382757
district_energy_grid_daily_average_net_exchange_control_kwh,,,,,,,,,,,,,,,,,,259.4436542707515
district_energy_grid_daily_average_net_exchange_delta_kwh,,,,,,,,,,,,,,,,,,158.1975536858073
district_energy_grid_daily_average_net_exchange_delta_to_business_as_usual_kwh,,,,,,,,,,,,,,,,,,-108.32875611200552
district_energy_grid_ratio_to_baseline_export_total_ratio,,,,,,,,,,,,,,,,,,0.7801944650642167
district_energy_grid_ratio_to_baseline_import_total_ratio,,,,,,,,,,,,,,,,,,1.9145849015017617
district_energy_grid_ratio_to_baseline_net_exchange_total_ratio,,,,,,,,,,,,,,,,,,-0.2682422423573812
district_energy_grid_ratio_to_business_as_usual_export_total_ratio,,,,,,,,,,,,,,,,,,1.5104441567295193
district_energy_grid_ratio_to_business_as_usual_import_total_ratio,,,,,,,,,,,,,,,,,,0.8576601656017628
district_energy_grid_ratio_to_business_as_usual_net_exchange_total_ratio,,,,,,,,,,,,,,,,,,0.7054462133272504
district_energy_grid_shape_quality_load_factor_penalty_daily_average_business_as_usual_ratio,,,,,,,,,,,,,,,,,,0.7505015058162495
district_energy_grid_shape_quality_load_factor_penalty_daily_average_delta_to_business_as_usual_ratio,,,,,,,,,,,,,,,,,,0.019689433967584713
district_energy_grid_shape_quality_load_factor_penalty_daily_average_to_baseline_ratio,,,,,,,,,,,,,,,,,,0.8706125403574818
district_energy_grid_shape_quality_load_factor_penalty_daily_average_to_business_as_usual_ratio,,,,,,,,,,,,,,,,,,1.026235035925971
district_energy_grid_shape_quality_load_factor_penalty_monthly_average_business_as_usual_ratio,,,,,,,,,,,,,,,,,,0.8500670559622779
district_energy_grid_shape_quality_load_factor_penalty_monthly_average_delta_to_business_as_usual_ratio,,,,,,,,,,,,,,,,,,0.004755005880325958
district_energy_grid_shape_quality_load_factor_penalty_monthly_average_to_baseline_ratio,,,,,,,,,,,,,,,,,,0.9195835837614884
district_energy_grid_shape_quality_load_factor_penalty_monthly_average_to_business_as_usual_ratio,,,,,,,,,,,,,,,,,,1.0055936832829537
district_energy_grid_shape_quality_peak_all_time_average_business_as_usual_kw,,,,,,,,,,,,,,,,,,104.66799771785736
district_energy_grid_shape_quality_peak_all_time_average_delta_to_business_as_usual_kw,,,,,,,,,,,,,,,,,,-30.94541409611702
district_energy_grid_shape_quality_peak_all_time_average_to_baseline_ratio,,,,,,,,,,,,,,,,,,1.1974116438641238
district_energy_grid_shape_quality_peak_all_time_average_to_business_as_usual_ratio,,,,,,,,,,,,,,,,,,0.7043469372602946
district_energy_grid_shape_quality_peak_daily_average_business_as_usual_kw,,,,,,,,,,,,,,,,,,63.432503406017446
district_energy_grid_shape_quality_peak_daily_average_delta_to_business_as_usual_kw,,,,,,,,,,,,,,,,,,-16.25345895627821
district_energy_grid_shape_quality_peak_daily_average_to_baseline_ratio,,,,,,,,,,,,,,,,,,1.4469336570113946
district_energy_grid_shape_quality_peak_daily_average_to_business_as_usual_ratio,,,,,,,,,,,,,,,,,,0.7437676572175718
district_energy_grid_shape_quality_ramping_average_business_as_usual_kw,,,,,,,,,,,,,,,,,,8811.659506821172
district_energy_grid_shape_quality_ramping_average_delta_to_business_as_usual_kw,,,,,,,,,,,,,,,,,,99.56402018371955
district_energy_grid_shape_quality_ramping_average_to_baseline_ratio,,,,,,,,,,,,,,,,,,1.3631334664656953
district_energy_grid_shape_quality_ramping_average_to_business_as_usual_ratio,,,,,,,,,,,,,,,,,,1.011299122498622
district_energy_grid_total_export_baseline_kwh,,,,,,,,,,,,,,,,,,13828.258020967245
district_energy_grid_total_export_business_as_usual_kwh,,,,,,,,,,,,,,,,,,7142.753554556259
district_energy_grid_total_export_control_kwh,,,,,,,,,,,,,,,,,,10788.730369438505
district_energy_grid_total_export_delta_kwh,,,,,,,,,,,,,,,,,,-3039.5276515287405
district_energy_grid_total_export_delta_to_business_as_usual_kwh,,,,,,,,,,,,,,,,,,3645.976814882246
district_energy_grid_total_import_baseline_kwh,,,,,,,,,,,,,,,,,,22261.214482188225
district_energy_grid_total_import_business_as_usual_kwh,,,,,,,,,,,,,,,,,,37775.130569353394
district_energy_grid_total_import_control_kwh,,,,,,,,,,,,,,,,,,32398.224739739846
district_energy_grid_total_import_delta_kwh,,,,,,,,,,,,,,,,,,10137.010257551621
district_energy_grid_total_import_delta_to_business_as_usual_kwh,,,,,,,,,,,,,,,,,,-5376.905829613548
district_energy_grid_total_net_exchange_baseline_kwh,,,,,,,,,,,,,,,,,,8432.95646122098
district_energy_grid_total_net_exchange_business_as_usual_kwh,,,,,,,,,,,,,,,,,,30632.377014797137
district_energy_grid_total_net_exchange_control_kwh,,,,,,,,,,,,,,,,,,21609.494370301345
district_energy_grid_total_net_exchange_delta_kwh,,,,,,,,,,,,,,,,,,13176.537909080365
district_energy_grid_total_net_exchange_delta_to_business_as_usual_kwh,,,,,,,,,,,,,,,,,,-9022.882644495792
district_equity_distribution_bpr_asset_poor_over_rich_ratio,,,,,,,,,,,,,,,,,,
district_equity_distribution_gini_benefit_ratio,,,,,,,,,,,,,,,,,,0.5166085647194408
district_equity_distribution_losers_percent,,,,,,,,,,,,,,,,,,37.5
district_equity_distribution_top20_benefit_ratio,,,,,,,,,,,,,,,,,,0.5669851523020537
district_ev_events_departure_count,,,,,,,,,,,,,,,,,,636.0
district_ev_events_departure_met_count,,,,,,,,,,,,,,,,,,88.0
district_ev_events_departure_min_acceptable_count,,,,,,,,,,,,,,,,,,633.0
district_ev_events_departure_min_acceptable_feasible_count,,,,,,,,,,,,,,,,,,631.0
district_ev_events_departure_min_acceptable_infeasible_count,,,,,,,,,,,,,,,,,,5.0
district_ev_events_departure_target_feasible_count,,,,,,,,,,,,,,,,,,628.0
district_ev_events_departure_target_infeasible_count,,,,,,,,,,,,,,,,,,8.0
district_ev_events_departure_within_tolerance_count,,,,,,,,,,,,,,,,,,616.0
district_ev_events_departure_within_tolerance_feasible_count,,,,,,,,,,,,,,,,,,631.0
district_ev_events_departure_within_tolerance_infeasible_count,,,,,,,,,,,,,,,,,,5.0
district_ev_performance_departure_min_acceptable_feasible_ratio,,,,,,,,,,,,,,,,,,1.0
district_ev_performance_departure_min_acceptable_ratio,,,,,,,,,,,,,,,,,,0.9952830188679245
district_ev_performance_departure_shortfall_beyond_tolerance_mean_ratio,,,,,,,,,,,,,,,,,,0.0003133615420299504
district_ev_performance_departure_soc_absolute_error_mean_ratio,,,,,,,,,,,,,,,,,,0.021625930783133837
district_ev_performance_departure_soc_deficit_mean_ratio,,,,,,,,,,,,,,,,,,0.01702955477642563
district_ev_performance_departure_soc_surplus_mean_ratio,,,,,,,,,,,,,,,,,,0.004596376006708205
district_ev_performance_departure_success_feasible_ratio,,,,,,,,,,,,,,,,,,0.13853503184713375
district_ev_performance_departure_success_ratio,,,,,,,,,,,,,,,,,,0.13836477987421383
district_ev_performance_departure_tolerance_ratio,,,,,,,,,,,,,,,,,,0.05
district_ev_performance_departure_within_tolerance_feasible_ratio,,,,,,,,,,,,,,,,,,0.9730586370839936
district_ev_performance_departure_within_tolerance_ratio,,,,,,,,,,,,,,,,,,0.9685534591194969
district_ev_ratio_to_business_as_usual_charge_total_ratio,,,,,,,,,,,,,,,,,,0.6050204809343189
district_ev_ratio_to_business_as_usual_v2g_export_total_ratio,,,,,,,,,,,,,,,,,,
district_ev_total_charge_business_as_usual_kwh,,,,,,,,,,,,,,,,,,21176.432754497248
district_ev_total_charge_delta_to_business_as_usual_kwh,,,,,,,,,,,,,,,,,,-8364.257224898058
district_ev_total_charge_kwh,,,,,,,,,,,,,,,,,,12812.17552959919
district_ev_total_v2g_export_business_as_usual_kwh,,,,,,,,,,,,,,,,,,0.0
district_ev_total_v2g_export_delta_to_business_as_usual_kwh,,,,,,,,,,,,,,,,,,114.79355862736702
district_ev_total_v2g_export_kwh,,,,,,,,,,,,,,,,,,114.79355862736702
district_solar_self_consumption_community_market_import_share_ratio,,,,,,,,,,,,,,,,,,0.14104997555715426
district_solar_self_consumption_community_market_local_share_of_demand_ratio,,,,,,,,,,,,,,,,,,0.14104997555715426
district_solar_self_consumption_community_market_local_share_of_export_ratio,,,,,,,,,,,,,,,,,,0.3302631853994682
district_solar_self_consumption_daily_average_export_business_as_usual_kwh,,,,,,,,,,,,,,,,,,85.71773331454752
district_solar_self_consumption_daily_average_export_delta_to_business_as_usual_kwh,,,,,,,,,,,,,,,,,,42.85826390576746
district_solar_self_consumption_daily_average_export_kwh,,,,,,,,,,,,,,,,,,128.57599722031497
district_solar_self_consumption_daily_average_generation_business_as_usual_kwh,,,,,,,,,,,,,,,,,,407.1407325165984
district_solar_self_consumption_daily_average_generation_delta_to_business_as_usual_kwh,,,,,,,,,,,,,,,,,,0.0
district_solar_self_consumption_daily_average_generation_kwh,,,,,,,,,,,,,,,,,,407.1407325165984
district_solar_self_consumption_ratio_self_consumption_business_as_usual_ratio,,,,,,,,,,,,,,,,,,0.7894641177641125
district_solar_self_consumption_ratio_self_consumption_delta_to_business_as_usual_ratio,,,,,,,,,,,,,,,,,,-0.105266460667922
district_solar_self_consumption_ratio_self_consumption_ratio,,,,,,,,,,,,,,,,,,0.6841976570961905
district_solar_self_consumption_ratio_to_business_as_usual_export_total_ratio,,,,,,,,,,,,,,,,,,1.4999929681819273
district_solar_self_consumption_ratio_to_business_as_usual_generation_total_ratio,,,,,,,,,,,,,,,,,,1.0
district_solar_self_consumption_ratio_to_business_as_usual_self_consumption_ratio,,,,,,,,,,,,,,,,,,0.8666608674171876
district_solar_self_consumption_total_export_business_as_usual_kwh,,,,,,,,,,,,,,,,,,7139.57287065752
district_solar_self_consumption_total_export_delta_to_business_as_usual_kwh,,,,,,,,,,,,,,,,,,3569.736231151216
district_solar_self_consumption_total_export_kwh,,,,,,,,,,,,,,,,,,10709.309101808736
district_solar_self_consumption_total_generation_business_as_usual_kwh,,,,,,,,,,,,,,,,,,33911.43017919501
district_solar_self_consumption_total_generation_delta_to_business_as_usual_kwh,,,,,,,,,,,,,,,,,,0.0
district_solar_self_consumption_total_generation_kwh,,,,,,,,,,,,,,,,,,33911.43017919501
