timestamp,Battery Soc-%,Battery (Dis)Charge-kWh
2024-08-01T00:00:00,0.0,0.0
2024-08-01T01:00:00,0.0,0.0
2024-08-01T02:00:00,0.0,0.0
2024-08-01T03:00:00,0.0,0.0
2024-08-01T04:00:00,0.0,0.0
2024-08-01T05:00:00,0.0,0.0
2024-08-01T06:00:00,0.0,0.0
2024-08-01T07:00:00,0.0,0.0
2024-08-01T08:00:00,0.0,0.0
2024-08-01T09:00:00,0.0,0.0
2024-08-01T10:00:00,0.0,0.0
2024-08-01T11:00:00,0.105672345,0.75
2024-08-01T12:00:00,0.105672345,0.0
2024-08-01T13:00:00,0.105672345,0.0
2024-08-01T14:00:00,0.21134469,0.75000006
2024-08-01T15:00:00,0.31701705,0.75000006
2024-08-01T16:00:00,0.4226894,0.75000006
2024-08-01T17:00:00,0.52836174,0.75000006
2024-08-01T18:00:00,0.6340341,0.75000006
2024-08-01T19:00:00,0.6340341,0.0
2024-08-01T20:00:00,0.6340341,0.0
2024-08-01T21:00:00,0.6340341,0.0
2024-08-01T22:00:00,0.6340341,0.0
2024-08-01T23:00:00,0.5040766,-0.75000006
2024-08-02T00:00:00,0.5040766,0.0
2024-08-02T01:00:00,0.5040766,0.0
2024-08-02T02:00:00,0.5040766,0.0
2024-08-02T03:00:00,0.60974896,0.75000006
2024-08-02T04:00:00,0.60974896,0.0
2024-08-02T05:00:00,0.4797915,-0.75000006
2024-08-02T06:00:00,0.4797915,0.0
2024-08-02T07:00:00,0.4797915,0.0
2024-08-02T08:00:00,0.4797915,0.0
2024-08-02T09:00:00,0.4797915,0.0
2024-08-02T10:00:00,0.4797915,0.0
2024-08-02T11:00:00,0.5854638,0.75000006
2024-08-02T12:00:00,0.6911362,0.75
2024-08-02T13:00:00,0.6911362,0.0
2024-08-02T14:00:00,0.6911362,0.0
2024-08-02T15:00:00,0.6911362,0.0
2024-08-02T16:00:00,0.6911362,0.0
2024-08-02T17:00:00,0.6911362,0.0
2024-08-02T18:00:00,0.6911362,0.0
2024-08-02T19:00:00,0.6911362,0.0
2024-08-02T20:00:00,0.6911362,0.0
2024-08-02T21:00:00,0.6911362,0.0
2024-08-02T22:00:00,0.5611787,-0.75000006
2024-08-02T23:00:00,0.5611787,0.0
2024-08-03T00:00:00,0.5611787,0.0
2024-08-03T01:00:00,0.5611787,0.0
2024-08-03T02:00:00,0.5611787,0.0
2024-08-03T03:00:00,0.5611787,0.0
2024-08-03T04:00:00,0.5611787,0.0
2024-08-03T05:00:00,0.5611787,0.0
2024-08-03T06:00:00,0.5611787,0.0
2024-08-03T07:00:00,0.5611787,0.0
2024-08-03T08:00:00,0.5611787,0.0
2024-08-03T09:00:00,0.5611787,0.0
2024-08-03T10:00:00,0.5611787,0.0
2024-08-03T11:00:00,0.5611787,0.0
2024-08-03T12:00:00,0.66685104,0.75
2024-08-03T13:00:00,0.66685104,0.0
2024-08-03T14:00:00,0.66685104,0.0
2024-08-03T15:00:00,0.66685104,0.0
2024-08-03T16:00:00,0.66685104,0.0
2024-08-03T17:00:00,0.66685104,0.0
2024-08-03T18:00:00,0.66685104,0.0
2024-08-03T19:00:00,0.66685104,0.0
2024-08-03T20:00:00,0.66685104,0.0
2024-08-03T21:00:00,0.53689355,-0.75000006
2024-08-03T22:00:00,0.53689355,0.0
2024-08-03T23:00:00,0.53689355,0.0
2024-08-04T00:00:00,0.53689355,0.0
2024-08-04T01:00:00,0.53689355,0.0
2024-08-04T02:00:00,0.53689355,0.0
2024-08-04T03:00:00,0.53689355,0.0
2024-08-04T04:00:00,0.53689355,0.0
2024-08-04T05:00:00,0.53689355,0.0
2024-08-04T06:00:00,0.53689355,0.0
2024-08-04T07:00:00,0.53689355,0.0
2024-08-04T08:00:00,0.53689355,0.0
2024-08-04T09:00:00,0.53689355,0.0
2024-08-04T10:00:00,0.53689355,0.0
2024-08-04T11:00:00,0.53689355,0.0
2024-08-04T12:00:00,0.53689355,0.0
2024-08-04T13:00:00,0.53689355,0.0
2024-08-04T14:00:00,0.53689355,0.0
2024-08-04T15:00:00,0.53689355,0.0
2024-08-04T16:00:00,0.53689355,0.0
2024-08-04T17:00:00,0.6425659,0.75000006
2024-08-04T18:00:00,0.6425659,0.0
2024-08-04T19:00:00,0.6425659,0.0
2024-08-04T20:00:00,0.6425659,0.0
2024-08-04T21:00:00,0.6425659,0.0
2024-08-04T22:00:00,0.5126084,-0.75000006
2024-08-04T23:00:00,0.5126084,0.0
2024-08-05T00:00:00,0.5126084,0.0
2024-08-05T01:00:00,0.5126084,0.0
2024-08-05T02:00:00,0.61828077,0.75000006
2024-08-05T03:00:00,0.61828077,0.0
2024-08-05T04:00:00,0.61828077,0.0
2024-08-05T05:00:00,0.61828077,0.0
2024-08-05T06:00:00,0.61828077,0.0
2024-08-05T07:00:00,0.61828077,0.0
2024-08-05T08:00:00,0.61828077,0.0
2024-08-05T09:00:00,0.61828077,0.0
2024-08-05T10:00:00,0.61828077,0.0
2024-08-05T11:00:00,0.61828077,0.0
2024-08-05T12:00:00,0.61828077,0.0
2024-08-05T13:00:00,0.61828077,0.0
2024-08-05T14:00:00,0.61828077,0.0
2024-08-05T15:00:00,0.61828077,0.0
2024-08-05T16:00:00,0.61828077,0.0
2024-08-05T17:00:00,0.61828077,0.0
2024-08-05T18:00:00,0.61828077,0.0
2024-08-05T19:00:00,0.61828077,0.0
2024-08-05T20:00:00,0.61828077,0.0
2024-08-05T21:00:00,0.61828077,0.0
2024-08-05T22:00:00,0.61828077,0.0
2024-08-05T23:00:00,0.61828077,0.0
2024-08-06T00:00:00,0.61828077,0.0
2024-08-06T01:00:00,0.4883233,-0.75000006
2024-08-06T02:00:00,0.4883233,0.0
2024-08-06T03:00:00,0.4883233,0.0
2024-08-06T04:00:00,0.4883233,0.0
2024-08-06T05:00:00,0.4883233,0.0
2024-08-06T06:00:00,0.4883233,0.0
2024-08-06T07:00:00,0.4883233,0.0
2024-08-06T08:00:00,0.4883233,0.0
2024-08-06T09:00:00,0.4883233,0.0
2024-08-06T10:00:00,0.4883233,0.0
2024-08-06T11:00:00,0.59399563,0.75000006
2024-08-06T12:00:00,0.699668,0.75
2024-08-06T13:00:00,0.699668,0.0
2024-08-06T14:00:00,0.699668,0.0
2024-08-06T15:00:00,0.699668,0.0
2024-08-06T16:00:00,0.699668,0.0
2024-08-06T17:00:00,0.699668,0.0
2024-08-06T18:00:00,0.699668,0.0
2024-08-06T19:00:00,0.699668,0.0
2024-08-06T20:00:00,0.699668,0.0
2024-08-06T21:00:00,0.699668,0.0
2024-08-06T22:00:00,0.5697105,-0.75000006
2024-08-06T23:00:00,0.5697105,0.0
2024-08-07T00:00:00,0.5697105,0.0
2024-08-07T01:00:00,0.5697105,0.0
2024-08-07T02:00:00,0.5697105,0.0
2024-08-07T03:00:00,0.5697105,0.0
2024-08-07T04:00:00,0.5697105,0.0
2024-08-07T05:00:00,0.5697105,0.0
2024-08-07T06:00:00,0.5697105,0.0
2024-08-07T07:00:00,0.5697105,0.0
2024-08-07T08:00:00,0.5697105,0.0
2024-08-07T09:00:00,0.5697105,0.0
2024-08-07T10:00:00,0.5697105,0.0
2024-08-07T11:00:00,0.5697105,0.0
2024-08-07T12:00:00,0.5697105,0.0
2024-08-07T13:00:00,0.67538285,0.75
2024-08-07T14:00:00,0.67538285,0.0
2024-08-07T15:00:00,0.67538285,0.0
2024-08-07T16:00:00,0.67538285,0.0
2024-08-07T17:00:00,0.67538285,0.0
2024-08-07T18:00:00,0.67538285,0.0
2024-08-07T19:00:00,0.67538285,0.0
2024-08-07T20:00:00,0.67538285,0.0
2024-08-07T21:00:00,0.67538285,0.0
2024-08-07T22:00:00,0.54542536,-0.75000006
2024-08-07T23:00:00,0.54542536,0.0
2024-08-08T00:00:00,0.54542536,0.0
2024-08-08T01:00:00,0.54542536,0.0
2024-08-08T02:00:00,0.54542536,0.0
2024-08-08T03:00:00,0.54542536,0.0
2024-08-08T04:00:00,0.6510977,0.75000006
2024-08-08T05:00:00,0.6510977,0.0
2024-08-08T06:00:00,0.6510977,0.0
2024-08-08T07:00:00,0.5211402,-0.75000006
2024-08-08T08:00:00,0.5211402,0.0
2024-08-08T09:00:00,0.5211402,0.0
2024-08-08T10:00:00,0.5211402,0.0
2024-08-08T11:00:00,0.5211402,0.0
2024-08-08T12:00:00,0.5211402,0.0
2024-08-08T13:00:00,0.5211402,0.0
2024-08-08T14:00:00,0.5211402,0.0
2024-08-08T15:00:00,0.5211402,0.0
2024-08-08T16:00:00,0.6268126,0.75000006
2024-08-08T17:00:00,0.6268126,0.0
2024-08-08T18:00:00,0.6268126,0.0
2024-08-08T19:00:00,0.6268126,0.0
2024-08-08T20:00:00,0.6268126,0.0
2024-08-08T21:00:00,0.4968551,-0.75000006
2024-08-08T22:00:00,0.4968551,0.0
2024-08-08T23:00:00,0.4968551,0.0
2024-08-09T00:00:00,0.4968551,0.0
2024-08-09T01:00:00,0.4968551,0.0
2024-08-09T02:00:00,0.4968551,0.0
2024-08-09T03:00:00,0.4968551,0.0
2024-08-09T04:00:00,0.60252744,0.75000006
2024-08-09T05:00:00,0.60252744,0.0
2024-08-09T06:00:00,0.60252744,0.0
2024-08-09T07:00:00,0.60252744,0.0
2024-08-09T08:00:00,0.47256997,-0.75000006
2024-08-09T09:00:00,0.47256997,0.0
2024-08-09T10:00:00,0.47256997,0.0
2024-08-09T11:00:00,0.47256997,0.0
2024-08-09T12:00:00,0.5782423,0.75000006
2024-08-09T13:00:00,0.5782423,0.0
2024-08-09T14:00:00,0.5782423,0.0
2024-08-09T15:00:00,0.68391466,0.75
2024-08-09T16:00:00,0.68391466,0.0
2024-08-09T17:00:00,0.68391466,0.0
2024-08-09T18:00:00,0.68391466,0.0
2024-08-09T19:00:00,0.68391466,0.0
2024-08-09T20:00:00,0.68391466,0.0
2024-08-09T21:00:00,0.68391466,0.0
2024-08-09T22:00:00,0.55395716,-0.75000006
2024-08-09T23:00:00,0.55395716,0.0
2024-08-10T00:00:00,0.55395716,0.0
2024-08-10T01:00:00,0.55395716,0.0
2024-08-10T02:00:00,0.55395716,0.0
2024-08-10T03:00:00,0.55395716,0.0
2024-08-10T04:00:00,0.6596295,0.75000006
2024-08-10T05:00:00,0.6596295,0.0
2024-08-10T06:00:00,0.6596295,0.0
2024-08-10T07:00:00,0.6596295,0.0
2024-08-10T08:00:00,0.6596295,0.0
2024-08-10T09:00:00,0.6596295,0.0
2024-08-10T10:00:00,0.6596295,0.0
2024-08-10T11:00:00,0.529672,-0.75000006
2024-08-10T12:00:00,0.529672,0.0
2024-08-10T13:00:00,0.6353444,0.75000006
2024-08-10T14:00:00,0.6353444,0.0
2024-08-10T15:00:00,0.6353444,0.0
2024-08-10T16:00:00,0.6353444,0.0
2024-08-10T17:00:00,0.6353444,0.0
2024-08-10T18:00:00,0.6353444,0.0
2024-08-10T19:00:00,0.6353444,0.0
2024-08-10T20:00:00,0.6353444,0.0
2024-08-10T21:00:00,0.6353444,0.0
2024-08-10T22:00:00,0.5053869,-0.75000006
2024-08-10T23:00:00,0.5053869,0.0
2024-08-11T00:00:00,0.5053869,0.0
2024-08-11T01:00:00,0.5053869,0.0
2024-08-11T02:00:00,0.5053869,0.0
2024-08-11T03:00:00,0.5053869,0.0
2024-08-11T04:00:00,0.5053869,0.0
2024-08-11T05:00:00,0.5053869,0.0
2024-08-11T06:00:00,0.5053869,0.0
2024-08-11T07:00:00,0.5053869,0.0
2024-08-11T08:00:00,0.5053869,0.0
2024-08-11T09:00:00,0.5053869,0.0
2024-08-11T10:00:00,0.5053869,0.0
2024-08-11T11:00:00,0.5053869,0.0
2024-08-11T12:00:00,0.5053869,0.0
2024-08-11T13:00:00,0.5053869,0.0
2024-08-11T14:00:00,0.5053869,0.0
2024-08-11T15:00:00,0.61105925,0.75000006
2024-08-11T16:00:00,0.61105925,0.0
2024-08-11T17:00:00,0.61105925,0.0
2024-08-11T18:00:00,0.61105925,0.0
2024-08-11T19:00:00,0.61105925,0.0
2024-08-11T20:00:00,0.61105925,0.0
2024-08-11T21:00:00,0.61105925,0.0
2024-08-11T22:00:00,0.61105925,0.0
2024-08-11T23:00:00,0.48110178,-0.75000006
2024-08-12T00:00:00,0.48110178,0.0
2024-08-12T01:00:00,0.48110178,0.0
2024-08-12T02:00:00,0.48110178,0.0
2024-08-12T03:00:00,0.48110178,0.0
2024-08-12T04:00:00,0.48110178,0.0
2024-08-12T05:00:00,0.48110178,0.0
2024-08-12T06:00:00,0.48110178,0.0
2024-08-12T07:00:00,0.48110178,0.0
2024-08-12T08:00:00,0.48110178,0.0
2024-08-12T09:00:00,0.48110178,0.0
2024-08-12T10:00:00,0.48110178,0.0
2024-08-12T11:00:00,0.48110178,0.0
2024-08-12T12:00:00,0.48110178,0.0
2024-08-12T13:00:00,0.48110178,0.0
2024-08-12T14:00:00,0.48110178,0.0
2024-08-12T15:00:00,0.48110178,0.0
2024-08-12T16:00:00,0.5867741,0.75000006
2024-08-12T17:00:00,0.6924465,0.75
2024-08-12T18:00:00,0.6924465,0.0
2024-08-12T19:00:00,0.6924465,0.0
2024-08-12T20:00:00,0.6924465,0.0
2024-08-12T21:00:00,0.562489,-0.75000006
2024-08-12T22:00:00,0.562489,0.0
2024-08-12T23:00:00,0.562489,0.0
2024-08-13T00:00:00,0.562489,0.0
2024-08-13T01:00:00,0.562489,0.0
2024-08-13T02:00:00,0.562489,0.0
2024-08-13T03:00:00,0.562489,0.0
2024-08-13T04:00:00,0.562489,0.0
2024-08-13T05:00:00,0.562489,0.0
2024-08-13T06:00:00,0.562489,0.0
2024-08-13T07:00:00,0.562489,0.0
2024-08-13T08:00:00,0.562489,0.0
2024-08-13T09:00:00,0.562489,0.0
2024-08-13T10:00:00,0.562489,0.0
2024-08-13T11:00:00,0.562489,0.0
2024-08-13T12:00:00,0.562489,0.0
2024-08-13T13:00:00,0.562489,0.0
2024-08-13T14:00:00,0.562489,0.0
2024-08-13T15:00:00,0.66816133,0.75000006
2024-08-13T16:00:00,0.66816133,0.0
2024-08-13T17:00:00,0.66816133,0.0
2024-08-13T18:00:00,0.66816133,0.0
2024-08-13T19:00:00,0.66816133,0.0
2024-08-13T20:00:00,0.66816133,0.0
2024-08-13T21:00:00,0.66816133,0.0
2024-08-13T22:00:00,0.66816133,0.0
2024-08-13T23:00:00,0.66816133,0.0
2024-08-14T00:00:00,0.66816133,0.0
2024-08-14T01:00:00,0.53820384,-0.75000006
2024-08-14T02:00:00,0.53820384,0.0
2024-08-14T03:00:00,0.53820384,0.0
2024-08-14T04:00:00,0.53820384,0.0
2024-08-14T05:00:00,0.53820384,0.0
2024-08-14T06:00:00,0.53820384,0.0
2024-08-14T07:00:00,0.53820384,0.0
2024-08-14T08:00:00,0.53820384,0.0
2024-08-14T09:00:00,0.53820384,0.0
2024-08-14T10:00:00,0.53820384,0.0
2024-08-14T11:00:00,0.53820384,0.0
2024-08-14T12:00:00,0.53820384,0.0
2024-08-14T13:00:00,0.6438762,0.75000006
2024-08-14T14:00:00,0.6438762,0.0
2024-08-14T15:00:00,0.6438762,0.0
2024-08-14T16:00:00,0.6438762,0.0
2024-08-14T17:00:00,0.6438762,0.0
2024-08-14T18:00:00,0.6438762,0.0
2024-08-14T19:00:00,0.6438762,0.0
2024-08-14T20:00:00,0.6438762,0.0
2024-08-14T21:00:00,0.6438762,0.0
2024-08-14T22:00:00,0.5139187,-0.75000006
2024-08-14T23:00:00,0.5139187,0.0
2024-08-15T00:00:00,0.5139187,0.0
2024-08-15T01:00:00,0.5139187,0.0
2024-08-15T02:00:00,0.5139187,0.0
2024-08-15T03:00:00,0.5139187,0.0
2024-08-15T04:00:00,0.5139187,0.0
2024-08-15T05:00:00,0.5139187,0.0
2024-08-15T06:00:00,0.61959106,0.75000006
2024-08-15T07:00:00,0.61959106,0.0
2024-08-15T08:00:00,0.61959106,0.0
2024-08-15T09:00:00,0.61959106,0.0
2024-08-15T10:00:00,0.61959106,0.0
2024-08-15T11:00:00,0.61959106,0.0
2024-08-15T12:00:00,0.4896336,-0.75000006
2024-08-15T13:00:00,0.4896336,0.0
2024-08-15T14:00:00,0.4896336,0.0
2024-08-15T15:00:00,0.4896336,0.0
2024-08-15T16:00:00,0.5953059,0.75000006
2024-08-15T17:00:00,0.7009783,0.75
2024-08-15T18:00:00,0.7009783,0.0
2024-08-15T19:00:00,0.7009783,0.0
2024-08-15T20:00:00,0.7009783,0.0
2024-08-15T21:00:00,0.7009783,0.0
2024-08-15T22:00:00,0.5710208,-0.75000006
2024-08-15T23:00:00,0.5710208,0.0
2024-08-16T00:00:00,0.5710208,0.0
2024-08-16T01:00:00,0.5710208,0.0
2024-08-16T02:00:00,0.5710208,0.0
2024-08-16T03:00:00,0.5710208,0.0
2024-08-16T04:00:00,0.5710208,0.0
2024-08-16T05:00:00,0.5710208,0.0
2024-08-16T06:00:00,0.5710208,0.0
2024-08-16T07:00:00,0.5710208,0.0
2024-08-16T08:00:00,0.5710208,0.0
2024-08-16T09:00:00,0.5710208,0.0
2024-08-16T10:00:00,0.5710208,0.0
2024-08-16T11:00:00,0.5710208,0.0
2024-08-16T12:00:00,0.5710208,0.0
2024-08-16T13:00:00,0.5710208,0.0
2024-08-16T14:00:00,0.5710208,0.0
2024-08-16T15:00:00,0.67669314,0.75000006
2024-08-16T16:00:00,0.67669314,0.0
2024-08-16T17:00:00,0.67669314,0.0
2024-08-16T18:00:00,0.67669314,0.0
2024-08-16T19:00:00,0.67669314,0.0
2024-08-16T20:00:00,0.67669314,0.0
2024-08-16T21:00:00,0.67669314,0.0
2024-08-16T22:00:00,0.54673564,-0.75000006
2024-08-16T23:00:00,0.54673564,0.0
2024-08-17T00:00:00,0.54673564,0.0
2024-08-17T01:00:00,0.54673564,0.0
2024-08-17T02:00:00,0.54673564,0.0
2024-08-17T03:00:00,0.54673564,0.0
2024-08-17T04:00:00,0.54673564,0.0
2024-08-17T05:00:00,0.54673564,0.0
2024-08-17T06:00:00,0.54673564,0.0
2024-08-17T07:00:00,0.54673564,0.0
2024-08-17T08:00:00,0.54673564,0.0
2024-08-17T09:00:00,0.54673564,0.0
2024-08-17T10:00:00,0.54673564,0.0
2024-08-17T11:00:00,0.54673564,0.0
2024-08-17T12:00:00,0.54673564,0.0
2024-08-17T13:00:00,0.54673564,0.0
2024-08-17T14:00:00,0.54673564,0.0
2024-08-17T15:00:00,0.54673564,0.0
2024-08-17T16:00:00,0.652408,0.75000006
2024-08-17T17:00:00,0.652408,0.0
2024-08-17T18:00:00,0.652408,0.0
2024-08-17T19:00:00,0.652408,0.0
2024-08-17T20:00:00,0.652408,0.0
2024-08-17T21:00:00,0.652408,0.0
2024-08-17T22:00:00,0.5224505,-0.75000006
2024-08-17T23:00:00,0.5224505,0.0
2024-08-18T00:00:00,0.5224505,0.0
2024-08-18T01:00:00,0.5224505,0.0
2024-08-18T02:00:00,0.5224505,0.0
2024-08-18T03:00:00,0.5224505,0.0
2024-08-18T04:00:00,0.5224505,0.0
2024-08-18T05:00:00,0.5224505,0.0
2024-08-18T06:00:00,0.5224505,0.0
2024-08-18T07:00:00,0.5224505,0.0
2024-08-18T08:00:00,0.5224505,0.0
2024-08-18T09:00:00,0.5224505,0.0
2024-08-18T10:00:00,0.5224505,0.0
2024-08-18T11:00:00,0.5224505,0.0
2024-08-18T12:00:00,0.5224505,0.0
2024-08-18T13:00:00,0.5224505,0.0
2024-08-18T14:00:00,0.62812287,0.75
2024-08-18T15:00:00,0.62812287,0.0
2024-08-18T16:00:00,0.62812287,0.0
2024-08-18T17:00:00,0.62812287,0.0
2024-08-18T18:00:00,0.62812287,0.0
2024-08-18T19:00:00,0.62812287,0.0
2024-08-18T20:00:00,0.62812287,0.0
2024-08-18T21:00:00,0.62812287,0.0
2024-08-18T22:00:00,0.4981654,-0.75000006
2024-08-18T23:00:00,0.4981654,0.0
2024-08-19T00:00:00,0.4981654,0.0
2024-08-19T01:00:00,0.4981654,0.0
2024-08-19T02:00:00,0.6038377,0.75000006
2024-08-19T03:00:00,0.6038377,0.0
2024-08-19T04:00:00,0.6038377,0.0
2024-08-19T05:00:00,0.6038377,0.0
2024-08-19T06:00:00,0.6038377,0.0
2024-08-19T07:00:00,0.6038377,0.0
2024-08-19T08:00:00,0.6038377,0.0
2024-08-19T09:00:00,0.6038377,0.0
2024-08-19T10:00:00,0.6038377,0.0
2024-08-19T11:00:00,0.6038377,0.0
2024-08-19T12:00:00,0.6038377,0.0
2024-08-19T13:00:00,0.6038377,0.0
2024-08-19T14:00:00,0.6038377,0.0
2024-08-19T15:00:00,0.6038377,0.0
2024-08-19T16:00:00,0.6038377,0.0
2024-08-19T17:00:00,0.6038377,0.0
2024-08-19T18:00:00,0.6038377,0.0
2024-08-19T19:00:00,0.6038377,0.0
2024-08-19T20:00:00,0.6038377,0.0
2024-08-19T21:00:00,0.6038377,0.0
2024-08-19T22:00:00,0.47388026,-0.75000006
2024-08-19T23:00:00,0.47388026,0.0
2024-08-20T00:00:00,0.47388026,0.0
2024-08-20T01:00:00,0.47388026,0.0
2024-08-20T02:00:00,0.47388026,0.0
2024-08-20T03:00:00,0.47388026,0.0
2024-08-20T04:00:00,0.47388026,0.0
2024-08-20T05:00:00,0.47388026,0.0
2024-08-20T06:00:00,0.47388026,0.0
2024-08-20T07:00:00,0.47388026,0.0
2024-08-20T08:00:00,0.47388026,0.0
2024-08-20T09:00:00,0.47388026,0.0
2024-08-20T10:00:00,0.47388026,0.0
2024-08-20T11:00:00,0.47388026,0.0
2024-08-20T12:00:00,0.47388026,0.0
2024-08-20T13:00:00,0.47388026,0.0
2024-08-20T14:00:00,0.47388026,0.0
2024-08-20T15:00:00,0.47388026,0.0
2024-08-20T16:00:00,0.47388026,0.0
2024-08-20T17:00:00,0.47388026,0.0
2024-08-20T18:00:00,0.47388026,0.0
2024-08-20T19:00:00,0.47388026,0.0
2024-08-20T20:00:00,0.47388026,0.0
2024-08-20T21:00:00,0.47388026,0.0
2024-08-20T22:00:00,0.47388026,0.0
2024-08-20T23:00:00,0.47388026,0.0
2024-08-21T00:00:00,0.47388026,0.0
2024-08-21T01:00:00,0.47388026,0.0
2024-08-21T02:00:00,0.47388026,0.0
2024-08-21T03:00:00,0.47388026,0.0
2024-08-21T04:00:00,0.47388026,0.0
2024-08-21T05:00:00,0.47388026,0.0
2024-08-21T06:00:00,0.47388026,0.0
2024-08-21T07:00:00,0.47388026,0.0
2024-08-21T08:00:00,0.47388026,0.0
2024-08-21T09:00:00,0.47388026,0.0
2024-08-21T10:00:00,0.47388026,0.0
2024-08-21T11:00:00,0.47388026,0.0
2024-08-21T12:00:00,0.47388026,0.0
2024-08-21T13:00:00,0.47388026,0.0
2024-08-21T14:00:00,0.47388026,0.0
2024-08-21T15:00:00,0.5795526,0.75000006
2024-08-21T16:00:00,0.68522495,0.75000006
2024-08-21T17:00:00,0.68522495,0.0
2024-08-21T18:00:00,0.68522495,0.0
2024-08-21T19:00:00,0.68522495,0.0
2024-08-21T20:00:00,0.68522495,0.0
2024-08-21T21:00:00,0.68522495,0.0
2024-08-21T22:00:00,0.68522495,0.0
2024-08-21T23:00:00,0.68522495,0.0
2024-08-22T00:00:00,0.68522495,0.0
2024-08-22T01:00:00,0.55526745,-0.75000006
2024-08-22T02:00:00,0.55526745,0.0
2024-08-22T03:00:00,0.55526745,0.0
2024-08-22T04:00:00,0.6609398,0.75000006
2024-08-22T05:00:00,0.6609398,0.0
2024-08-22T06:00:00,0.6609398,0.0
2024-08-22T07:00:00,0.6609398,0.0
2024-08-22T08:00:00,0.5309823,-0.75000006
2024-08-22T09:00:00,0.5309823,0.0
2024-08-22T10:00:00,0.5309823,0.0
2024-08-22T11:00:00,0.5309823,0.0
2024-08-22T12:00:00,0.6366547,0.75
2024-08-22T13:00:00,0.6366547,0.0
2024-08-22T14:00:00,0.6366547,0.0
2024-08-22T15:00:00,0.6366547,0.0
2024-08-22T16:00:00,0.6366547,0.0
2024-08-22T17:00:00,0.6366547,0.0
2024-08-22T18:00:00,0.6366547,0.0
2024-08-22T19:00:00,0.6366547,0.0
2024-08-22T20:00:00,0.6366547,0.0
2024-08-22T21:00:00,0.6366547,0.0
2024-08-22T22:00:00,0.5066972,-0.75000006
2024-08-22T23:00:00,0.5066972,0.0
2024-08-23T00:00:00,0.5066972,0.0
2024-08-23T01:00:00,0.5066972,0.0
2024-08-23T02:00:00,0.5066972,0.0
2024-08-23T03:00:00,0.61236954,0.75000006
2024-08-23T04:00:00,0.61236954,0.0
2024-08-23T05:00:00,0.61236954,0.0
2024-08-23T06:00:00,0.61236954,0.0
2024-08-23T07:00:00,0.61236954,0.0
2024-08-23T08:00:00,0.61236954,0.0
2024-08-23T09:00:00,0.61236954,0.0
2024-08-23T10:00:00,0.61236954,0.0
2024-08-23T11:00:00,0.61236954,0.0
2024-08-23T12:00:00,0.61236954,0.0
2024-08-23T13:00:00,0.61236954,0.0
2024-08-23T14:00:00,0.61236954,0.0
2024-08-23T15:00:00,0.61236954,0.0
2024-08-23T16:00:00,0.61236954,0.0
2024-08-23T17:00:00,0.61236954,0.0
2024-08-23T18:00:00,0.61236954,0.0
2024-08-23T19:00:00,0.61236954,0.0
2024-08-23T20:00:00,0.61236954,0.0
2024-08-23T21:00:00,0.48241207,-0.75000006
2024-08-23T22:00:00,0.48241207,0.0
2024-08-23T23:00:00,0.48241207,0.0
2024-08-24T00:00:00,0.48241207,0.0
2024-08-24T01:00:00,0.48241207,0.0
2024-08-24T02:00:00,0.48241207,0.0
2024-08-24T03:00:00,0.48241207,0.0
2024-08-24T04:00:00,0.48241207,0.0
2024-08-24T05:00:00,0.48241207,0.0
2024-08-24T06:00:00,0.48241207,0.0
2024-08-24T07:00:00,0.48241207,0.0
2024-08-24T08:00:00,0.48241207,0.0
2024-08-24T09:00:00,0.48241207,0.0
2024-08-24T10:00:00,0.48241207,0.0
2024-08-24T11:00:00,0.48241207,0.0
2024-08-24T12:00:00,0.5880844,0.75000006
2024-08-24T13:00:00,0.5880844,0.0
2024-08-24T14:00:00,0.5880844,0.0
2024-08-24T15:00:00,0.5880844,0.0
2024-08-24T16:00:00,0.69375676,0.75000006
2024-08-24T17:00:00,0.69375676,0.0
2024-08-24T18:00:00,0.69375676,0.0
2024-08-24T19:00:00,0.69375676,0.0
2024-08-24T20:00:00,0.56379926,-0.75000006
2024-08-24T21:00:00,0.56379926,0.0
2024-08-24T22:00:00,0.56379926,0.0
2024-08-24T23:00:00,0.56379926,0.0
2024-08-25T00:00:00,0.56379926,0.0
2024-08-25T01:00:00,0.56379926,0.0
2024-08-25T02:00:00,0.56379926,0.0
2024-08-25T03:00:00,0.56379926,0.0
2024-08-25T04:00:00,0.56379926,0.0
2024-08-25T05:00:00,0.56379926,0.0
2024-08-25T06:00:00,0.56379926,0.0
2024-08-25T07:00:00,0.56379926,0.0
2024-08-25T08:00:00,0.56379926,0.0
2024-08-25T09:00:00,0.56379926,0.0
2024-08-25T10:00:00,0.56379926,0.0
2024-08-25T11:00:00,0.56379926,0.0
2024-08-25T12:00:00,0.56379926,0.0
2024-08-25T13:00:00,0.6694716,0.75000006
2024-08-25T14:00:00,0.6694716,0.0
2024-08-25T15:00:00,0.6694716,0.0
2024-08-25T16:00:00,0.6694716,0.0
2024-08-25T17:00:00,0.6694716,0.0
2024-08-25T18:00:00,0.6694716,0.0
2024-08-25T19:00:00,0.6694716,0.0
2024-08-25T20:00:00,0.6694716,0.0
2024-08-25T21:00:00,0.6694716,0.0
2024-08-25T22:00:00,0.5395141,-0.75000006
2024-08-25T23:00:00,0.5395141,0.0
2024-08-26T00:00:00,0.5395141,0.0
2024-08-26T01:00:00,0.5395141,0.0
2024-08-26T02:00:00,0.5395141,0.0
2024-08-26T03:00:00,0.6451865,0.75
2024-08-26T04:00:00,0.6451865,0.0
2024-08-26T05:00:00,0.6451865,0.0
2024-08-26T06:00:00,0.6451865,0.0
2024-08-26T07:00:00,0.6451865,0.0
2024-08-26T08:00:00,0.6451865,0.0
2024-08-26T09:00:00,0.6451865,0.0
2024-08-26T10:00:00,0.6451865,0.0
2024-08-26T11:00:00,0.6451865,0.0
2024-08-26T12:00:00,0.6451865,0.0
2024-08-26T13:00:00,0.6451865,0.0
2024-08-26T14:00:00,0.515229,-0.75000006
2024-08-26T15:00:00,0.515229,0.0
2024-08-26T16:00:00,0.515229,0.0
2024-08-26T17:00:00,0.515229,0.0
2024-08-26T18:00:00,0.515229,0.0
2024-08-26T19:00:00,0.515229,0.0
2024-08-26T20:00:00,0.515229,0.0
2024-08-26T21:00:00,0.515229,0.0
2024-08-26T22:00:00,0.515229,0.0
2024-08-26T23:00:00,0.515229,0.0
2024-08-27T00:00:00,0.515229,0.0
2024-08-27T01:00:00,0.515229,0.0
2024-08-27T02:00:00,0.515229,0.0
2024-08-27T03:00:00,0.515229,0.0
2024-08-27T04:00:00,0.62090135,0.75000006
2024-08-27T05:00:00,0.62090135,0.0
2024-08-27T06:00:00,0.49094388,-0.75000006
2024-08-27T07:00:00,0.49094388,0.0
2024-08-27T08:00:00,0.49094388,0.0
2024-08-27T09:00:00,0.49094388,0.0
2024-08-27T10:00:00,0.49094388,0.0
2024-08-27T11:00:00,0.5966162,0.75000006
2024-08-27T12:00:00,0.70228857,0.75000006
2024-08-27T13:00:00,0.70228857,0.0
2024-08-27T14:00:00,0.70228857,0.0
2024-08-27T15:00:00,0.70228857,0.0
2024-08-27T16:00:00,0.70228857,0.0
2024-08-27T17:00:00,0.70228857,0.0
2024-08-27T18:00:00,0.70228857,0.0
2024-08-27T19:00:00,0.70228857,0.0
2024-08-27T20:00:00,0.70228857,0.0
2024-08-27T21:00:00,0.70228857,0.0
2024-08-27T22:00:00,0.5723311,-0.75000006
2024-08-27T23:00:00,0.5723311,0.0
2024-08-28T00:00:00,0.5723311,0.0
2024-08-28T01:00:00,0.5723311,0.0
2024-08-28T02:00:00,0.5723311,0.0
2024-08-28T03:00:00,0.5723311,0.0
2024-08-28T04:00:00,0.5723311,0.0
2024-08-28T05:00:00,0.5723311,0.0
2024-08-28T06:00:00,0.5723311,0.0
2024-08-28T07:00:00,0.5723311,0.0
2024-08-28T08:00:00,0.5723311,0.0
2024-08-28T09:00:00,0.5723311,0.0
2024-08-28T10:00:00,0.5723311,0.0
2024-08-28T11:00:00,0.5723311,0.0
2024-08-28T12:00:00,0.5723311,0.0
2024-08-28T13:00:00,0.5723311,0.0
2024-08-28T14:00:00,0.5723311,0.0
2024-08-28T15:00:00,0.67800343,0.75000006
2024-08-28T16:00:00,0.67800343,0.0
2024-08-28T17:00:00,0.67800343,0.0
2024-08-28T18:00:00,0.67800343,0.0
2024-08-28T19:00:00,0.67800343,0.0
2024-08-28T20:00:00,0.67800343,0.0
2024-08-28T21:00:00,0.67800343,0.0
2024-08-28T22:00:00,0.67800343,0.0
2024-08-28T23:00:00,0.54804593,-0.75000006
2024-08-29T00:00:00,0.54804593,0.0
2024-08-29T01:00:00,0.54804593,0.0
2024-08-29T02:00:00,0.54804593,0.0
2024-08-29T03:00:00,0.54804593,0.0
2024-08-29T04:00:00,0.6537183,0.75
2024-08-29T05:00:00,0.6537183,0.0
2024-08-29T06:00:00,0.6537183,0.0
2024-08-29T07:00:00,0.6537183,0.0
2024-08-29T08:00:00,0.6537183,0.0
2024-08-29T09:00:00,0.5237608,-0.75000006
2024-08-29T10:00:00,0.5237608,0.0
2024-08-29T11:00:00,0.5237608,0.0
2024-08-29T12:00:00,0.5237608,0.0
2024-08-29T13:00:00,0.5237608,0.0
2024-08-29T14:00:00,0.62943316,0.75
2024-08-29T15:00:00,0.62943316,0.0
2024-08-29T16:00:00,0.62943316,0.0
2024-08-29T17:00:00,0.62943316,0.0
2024-08-29T18:00:00,0.62943316,0.0
2024-08-29T19:00:00,0.62943316,0.0
2024-08-29T20:00:00,0.62943316,0.0
2024-08-29T21:00:00,0.4994757,-0.75000006
2024-08-29T22:00:00,0.4994757,0.0
2024-08-29T23:00:00,0.4994757,0.0
2024-08-30T00:00:00,0.4994757,0.0
2024-08-30T01:00:00,0.4994757,0.0
2024-08-30T02:00:00,0.4994757,0.0
2024-08-30T03:00:00,0.4994757,0.0
2024-08-30T04:00:00,0.4994757,0.0
2024-08-30T05:00:00,0.4994757,0.0
2024-08-30T06:00:00,0.4994757,0.0
2024-08-30T07:00:00,0.4994757,0.0
2024-08-30T08:00:00,0.4994757,0.0
2024-08-30T09:00:00,0.4994757,0.0
2024-08-30T10:00:00,0.4994757,0.0
2024-08-30T11:00:00,0.4994757,0.0
2024-08-30T12:00:00,0.4994757,0.0
2024-08-30T13:00:00,0.4994757,0.0
2024-08-30T14:00:00,0.4994757,0.0
2024-08-30T15:00:00,0.4994757,0.0
2024-08-30T16:00:00,0.605148,0.75000006
2024-08-30T17:00:00,0.605148,0.0
2024-08-30T18:00:00,0.605148,0.0
2024-08-30T19:00:00,0.605148,0.0
2024-08-30T20:00:00,0.605148,0.0
2024-08-30T21:00:00,0.605148,0.0
2024-08-30T22:00:00,0.47519055,-0.75000006
2024-08-30T23:00:00,0.47519055,0.0
2024-08-31T00:00:00,0.47519055,0.0
2024-08-31T01:00:00,0.47519055,0.0
2024-08-31T02:00:00,0.47519055,0.0
2024-08-31T03:00:00,0.47519055,0.0
2024-08-31T04:00:00,0.47519055,0.0
2024-08-31T05:00:00,0.47519055,0.0
2024-08-31T06:00:00,0.47519055,0.0
2024-08-31T07:00:00,0.47519055,0.0
2024-08-31T08:00:00,0.47519055,0.0
2024-08-31T09:00:00,0.47519055,0.0
2024-08-31T10:00:00,0.47519055,0.0
2024-08-31T11:00:00,0.47519055,0.0
2024-08-31T12:00:00,0.47519055,0.0
2024-08-31T13:00:00,0.47519055,0.0
2024-08-31T14:00:00,0.5808629,0.75000006
2024-08-31T15:00:00,0.68653524,0.75000006
2024-08-31T16:00:00,0.68653524,0.0
2024-08-31T17:00:00,0.68653524,0.0
2024-08-31T18:00:00,0.68653524,0.0
2024-08-31T19:00:00,0.68653524,0.0
2024-08-31T20:00:00,0.68653524,0.0
2024-08-31T21:00:00,0.68653524,0.0
2024-08-31T22:00:00,0.55657774,-0.75000006
2024-08-31T23:00:00,0.55657774,0.0
2024-09-01T00:00:00,0.6622501,0.75
2024-09-01T01:00:00,0.5322926,-0.75000006
2024-09-01T02:00:00,0.5322926,0.0
2024-09-01T03:00:00,0.5322926,0.0
2024-09-01T04:00:00,0.5322926,0.0
2024-09-01T05:00:00,0.5322926,0.0
2024-09-01T06:00:00,0.5322926,0.0
2024-09-01T07:00:00,0.5322926,0.0
2024-09-01T08:00:00,0.5322926,0.0
2024-09-01T09:00:00,0.5322926,0.0
2024-09-01T10:00:00,0.5322926,0.0
2024-09-01T11:00:00,0.5322926,0.0
2024-09-01T12:00:00,0.5322926,0.0
2024-09-01T13:00:00,0.5322926,0.0
2024-09-01T14:00:00,0.5322926,0.0
2024-09-01T15:00:00,0.5322926,0.0
2024-09-01T16:00:00,0.5322926,0.0
2024-09-01T17:00:00,0.5322926,0.0
2024-09-01T18:00:00,0.5322926,0.0
2024-09-01T19:00:00,0.5322926,0.0
2024-09-01T20:00:00,0.5322926,0.0
2024-09-01T21:00:00,0.5322926,0.0
2024-09-01T22:00:00,0.5322926,0.0
2024-09-01T23:00:00,0.5322926,0.0
2024-09-02T00:00:00,0.5322926,0.0
2024-09-02T01:00:00,0.5322926,0.0
2024-09-02T02:00:00,0.63796496,0.75
2024-09-02T03:00:00,0.63796496,0.0
2024-09-02T04:00:00,0.63796496,0.0
2024-09-02T05:00:00,0.63796496,0.0
2024-09-02T06:00:00,0.63796496,0.0
2024-09-02T07:00:00,0.63796496,0.0
2024-09-02T08:00:00,0.50800747,-0.75000006
2024-09-02T09:00:00,0.50800747,0.0
2024-09-02T10:00:00,0.50800747,0.0
2024-09-02T11:00:00,0.50800747,0.0
2024-09-02T12:00:00,0.50800747,0.0
2024-09-02T13:00:00,0.50800747,0.0
2024-09-02T14:00:00,0.50800747,0.0
2024-09-02T15:00:00,0.50800747,0.0
2024-09-02T16:00:00,0.50800747,0.0
2024-09-02T17:00:00,0.50800747,0.0
2024-09-02T18:00:00,0.50800747,0.0
2024-09-02T19:00:00,0.50800747,0.0
2024-09-02T20:00:00,0.50800747,0.0
2024-09-02T21:00:00,0.50800747,0.0
2024-09-02T22:00:00,0.50800747,0.0
2024-09-02T23:00:00,0.50800747,0.0
2024-09-03T00:00:00,0.50800747,0.0
2024-09-03T01:00:00,0.50800747,0.0
2024-09-03T02:00:00,0.50800747,0.0
2024-09-03T03:00:00,0.50800747,0.0
2024-09-03T04:00:00,0.50800747,0.0
2024-09-03T05:00:00,0.50800747,0.0
2024-09-03T06:00:00,0.50800747,0.0
2024-09-03T07:00:00,0.50800747,0.0
2024-09-03T08:00:00,0.50800747,0.0
2024-09-03T09:00:00,0.50800747,0.0
2024-09-03T10:00:00,0.50800747,0.0
2024-09-03T11:00:00,0.50800747,0.0
2024-09-03T12:00:00,0.50800747,0.0
2024-09-03T13:00:00,0.50800747,0.0
2024-09-03T14:00:00,0.50800747,0.0
2024-09-03T15:00:00,0.50800747,0.0
2024-09-03T16:00:00,0.6136798,0.75000006
2024-09-03T17:00:00,0.6136798,0.0
2024-09-03T18:00:00,0.6136798,0.0
2024-09-03T19:00:00,0.6136798,0.0
2024-09-03T20:00:00,0.6136798,0.0
2024-09-03T21:00:00,0.6136798,0.0
2024-09-03T22:00:00,0.6136798,0.0
2024-09-03T23:00:00,0.6136798,0.0
2024-09-04T00:00:00,0.6136798,0.0
2024-09-04T01:00:00,0.6136798,0.0
2024-09-04T02:00:00,0.6136798,0.0
2024-09-04T03:00:00,0.6136798,0.0
2024-09-04T04:00:00,0.48372236,-0.75000006
2024-09-04T05:00:00,0.48372236,0.0
2024-09-04T06:00:00,0.48372236,0.0
2024-09-04T07:00:00,0.48372236,0.0
2024-09-04T08:00:00,0.48372236,0.0
2024-09-04T09:00:00,0.48372236,0.0
2024-09-04T10:00:00,0.48372236,0.0
2024-09-04T11:00:00,0.48372236,0.0
2024-09-04T12:00:00,0.48372236,0.0
2024-09-04T13:00:00,0.48372236,0.0
2024-09-04T14:00:00,0.48372236,0.0
2024-09-04T15:00:00,0.5893947,0.75000006
2024-09-04T16:00:00,0.69506705,0.75000006
2024-09-04T17:00:00,0.69506705,0.0
2024-09-04T18:00:00,0.69506705,0.0
2024-09-04T19:00:00,0.69506705,0.0
2024-09-04T20:00:00,0.69506705,0.0
2024-09-04T21:00:00,0.69506705,0.0
2024-09-04T22:00:00,0.69506705,0.0
2024-09-04T23:00:00,0.56510955,-0.75000006
2024-09-05T00:00:00,0.56510955,0.0
2024-09-05T01:00:00,0.56510955,0.0
2024-09-05T02:00:00,0.56510955,0.0
2024-09-05T03:00:00,0.56510955,0.0
2024-09-05T04:00:00,0.56510955,0.0
2024-09-05T05:00:00,0.56510955,0.0
2024-09-05T06:00:00,0.56510955,0.0
2024-09-05T07:00:00,0.56510955,0.0
2024-09-05T08:00:00,0.56510955,0.0
2024-09-05T09:00:00,0.56510955,0.0
2024-09-05T10:00:00,0.56510955,0.0
2024-09-05T11:00:00,0.56510955,0.0
2024-09-05T12:00:00,0.56510955,0.0
2024-09-05T13:00:00,0.56510955,0.0
2024-09-05T14:00:00,0.56510955,0.0
2024-09-05T15:00:00,0.56510955,0.0
2024-09-05T16:00:00,0.6707819,0.75
2024-09-05T17:00:00,0.6707819,0.0
2024-09-05T18:00:00,0.6707819,0.0
2024-09-05T19:00:00,0.6707819,0.0
2024-09-05T20:00:00,0.6707819,0.0
2024-09-05T21:00:00,0.6707819,0.0
2024-09-05T22:00:00,0.5408244,-0.75000006
2024-09-05T23:00:00,0.5408244,0.0
2024-09-06T00:00:00,0.5408244,0.0
2024-09-06T01:00:00,0.5408244,0.0
2024-09-06T02:00:00,0.5408244,0.0
2024-09-06T03:00:00,0.5408244,0.0
2024-09-06T04:00:00,0.5408244,0.0
2024-09-06T05:00:00,0.5408244,0.0
2024-09-06T06:00:00,0.5408244,0.0
2024-09-06T07:00:00,0.5408244,0.0
2024-09-06T08:00:00,0.5408244,0.0
2024-09-06T09:00:00,0.5408244,0.0
2024-09-06T10:00:00,0.5408244,0.0
2024-09-06T11:00:00,0.5408244,0.0
2024-09-06T12:00:00,0.5408244,0.0
2024-09-06T13:00:00,0.5408244,0.0
2024-09-06T14:00:00,0.5408244,0.0
2024-09-06T15:00:00,0.5408244,0.0
2024-09-06T16:00:00,0.5408244,0.0
2024-09-06T17:00:00,0.5408244,0.0
2024-09-06T18:00:00,0.5408244,0.0
2024-09-06T19:00:00,0.5408244,0.0
2024-09-06T20:00:00,0.5408244,0.0
2024-09-06T21:00:00,0.5408244,0.0
2024-09-06T22:00:00,0.5408244,0.0
2024-09-06T23:00:00,0.5408244,0.0
2024-09-07T00:00:00,0.5408244,0.0
2024-09-07T01:00:00,0.5408244,0.0
2024-09-07T02:00:00,0.6464968,0.75
2024-09-07T03:00:00,0.6464968,0.0
2024-09-07T04:00:00,0.6464968,0.0
2024-09-07T05:00:00,0.6464968,0.0
2024-09-07T06:00:00,0.6464968,0.0
2024-09-07T07:00:00,0.6464968,0.0
2024-09-07T08:00:00,0.5165393,-0.75000006
2024-09-07T09:00:00,0.5165393,0.0
2024-09-07T10:00:00,0.5165393,0.0
2024-09-07T11:00:00,0.5165393,0.0
2024-09-07T12:00:00,0.5165393,0.0
2024-09-07T13:00:00,0.5165393,0.0
2024-09-07T14:00:00,0.5165393,0.0
2024-09-07T15:00:00,0.62221164,0.75000006
2024-09-07T16:00:00,0.62221164,0.0
2024-09-07T17:00:00,0.62221164,0.0
2024-09-07T18:00:00,0.62221164,0.0
2024-09-07T19:00:00,0.62221164,0.0
2024-09-07T20:00:00,0.62221164,0.0
2024-09-07T21:00:00,0.62221164,0.0
2024-09-07T22:00:00,0.62221164,0.0
2024-09-07T23:00:00,0.62221164,0.0
2024-09-08T00:00:00,0.62221164,0.0
2024-09-08T01:00:00,0.62221164,0.0
2024-09-08T02:00:00,0.62221164,0.0
2024-09-08T03:00:00,0.62221164,0.0
2024-09-08T04:00:00,0.62221164,0.0
2024-09-08T05:00:00,0.62221164,0.0
2024-09-08T06:00:00,0.62221164,0.0
2024-09-08T07:00:00,0.62221164,0.0
2024-09-08T08:00:00,0.62221164,0.0
2024-09-08T09:00:00,0.62221164,0.0
2024-09-08T10:00:00,0.62221164,0.0
2024-09-08T11:00:00,0.62221164,0.0
2024-09-08T12:00:00,0.49225417,-0.75000006
2024-09-08T13:00:00,0.49225417,0.0
2024-09-08T14:00:00,0.49225417,0.0
2024-09-08T15:00:00,0.49225417,0.0
2024-09-08T16:00:00,0.5979265,0.75000006
2024-09-08T17:00:00,0.70359886,0.75000006
2024-09-08T18:00:00,0.70359886,0.0
2024-09-08T19:00:00,0.70359886,0.0
2024-09-08T20:00:00,0.70359886,0.0
2024-09-08T21:00:00,0.70359886,0.0
2024-09-08T22:00:00,0.57364136,-0.75000006
2024-09-08T23:00:00,0.57364136,0.0
2024-09-09T00:00:00,0.57364136,0.0
2024-09-09T01:00:00,0.57364136,0.0
2024-09-09T02:00:00,0.57364136,0.0
2024-09-09T03:00:00,0.57364136,0.0
2024-09-09T04:00:00,0.57364136,0.0
2024-09-09T05:00:00,0.57364136,0.0
2024-09-09T06:00:00,0.57364136,0.0
2024-09-09T07:00:00,0.57364136,0.0
2024-09-09T08:00:00,0.57364136,0.0
2024-09-09T09:00:00,0.57364136,0.0
2024-09-09T10:00:00,0.57364136,0.0
2024-09-09T11:00:00,0.57364136,0.0
2024-09-09T12:00:00,0.6793137,0.75
2024-09-09T13:00:00,0.6793137,0.0
2024-09-09T14:00:00,0.6793137,0.0
2024-09-09T15:00:00,0.6793137,0.0
2024-09-09T16:00:00,0.6793137,0.0
2024-09-09T17:00:00,0.6793137,0.0
2024-09-09T18:00:00,0.6793137,0.0
2024-09-09T19:00:00,0.6793137,0.0
2024-09-09T20:00:00,0.6793137,0.0
2024-09-09T21:00:00,0.5493562,-0.75000006
2024-09-09T22:00:00,0.5493562,0.0
2024-09-09T23:00:00,0.5493562,0.0
2024-09-10T00:00:00,0.6550286,0.75
2024-09-10T01:00:00,0.5250711,-0.75000006
2024-09-10T02:00:00,0.5250711,0.0
2024-09-10T03:00:00,0.5250711,0.0
2024-09-10T04:00:00,0.5250711,0.0
2024-09-10T05:00:00,0.5250711,0.0
2024-09-10T06:00:00,0.5250711,0.0
2024-09-10T07:00:00,0.5250711,0.0
2024-09-10T08:00:00,0.5250711,0.0
2024-09-10T09:00:00,0.5250711,0.0
2024-09-10T10:00:00,0.5250711,0.0
2024-09-10T11:00:00,0.5250711,0.0
2024-09-10T12:00:00,0.5250711,0.0
2024-09-10T13:00:00,0.5250711,0.0
2024-09-10T14:00:00,0.5250711,0.0
2024-09-10T15:00:00,0.5250711,0.0
2024-09-10T16:00:00,0.63074344,0.75
2024-09-10T17:00:00,0.63074344,0.0
2024-09-10T18:00:00,0.63074344,0.0
2024-09-10T19:00:00,0.63074344,0.0
2024-09-10T20:00:00,0.63074344,0.0
2024-09-10T21:00:00,0.50078595,-0.75000006
2024-09-10T22:00:00,0.50078595,0.0
2024-09-10T23:00:00,0.50078595,0.0
2024-09-11T00:00:00,0.50078595,0.0
2024-09-11T01:00:00,0.50078595,0.0
2024-09-11T02:00:00,0.50078595,0.0
2024-09-11T03:00:00,0.50078595,0.0
2024-09-11T04:00:00,0.50078595,0.0
2024-09-11T05:00:00,0.50078595,0.0
2024-09-11T06:00:00,0.50078595,0.0
2024-09-11T07:00:00,0.50078595,0.0
2024-09-11T08:00:00,0.50078595,0.0
2024-09-11T09:00:00,0.50078595,0.0
2024-09-11T10:00:00,0.50078595,0.0
2024-09-11T11:00:00,0.50078595,0.0
2024-09-11T12:00:00,0.50078595,0.0
2024-09-11T13:00:00,0.6064583,0.75000006
2024-09-11T14:00:00,0.6064583,0.0
2024-09-11T15:00:00,0.6064583,0.0
2024-09-11T16:00:00,0.6064583,0.0
2024-09-11T17:00:00,0.6064583,0.0
2024-09-11T18:00:00,0.6064583,0.0
2024-09-11T19:00:00,0.6064583,0.0
2024-09-11T20:00:00,0.6064583,0.0
2024-09-11T21:00:00,0.6064583,0.0
2024-09-11T22:00:00,0.47650084,-0.75000006
2024-09-11T23:00:00,0.47650084,0.0
2024-09-12T00:00:00,0.47650084,0.0
2024-09-12T01:00:00,0.47650084,0.0
2024-09-12T02:00:00,0.47650084,0.0
2024-09-12T03:00:00,0.47650084,0.0
2024-09-12T04:00:00,0.47650084,0.0
2024-09-12T05:00:00,0.47650084,0.0
2024-09-12T06:00:00,0.47650084,0.0
2024-09-12T07:00:00,0.47650084,0.0
2024-09-12T08:00:00,0.47650084,0.0
2024-09-12T09:00:00,0.47650084,0.0
2024-09-12T10:00:00,0.47650084,0.0
2024-09-12T11:00:00,0.47650084,0.0
2024-09-12T12:00:00,0.47650084,0.0
2024-09-12T13:00:00,0.47650084,0.0
2024-09-12T14:00:00,0.47650084,0.0
2024-09-12T15:00:00,0.47650084,0.0
2024-09-12T16:00:00,0.47650084,0.0
2024-09-12T17:00:00,0.47650084,0.0
2024-09-12T18:00:00,0.47650084,0.0
2024-09-12T19:00:00,0.47650084,0.0
2024-09-12T20:00:00,0.47650084,0.0
2024-09-12T21:00:00,0.47650084,0.0
2024-09-12T22:00:00,0.47650084,0.0
2024-09-12T23:00:00,0.47650084,0.0
2024-09-13T00:00:00,0.47650084,0.0
2024-09-13T01:00:00,0.47650084,0.0
2024-09-13T02:00:00,0.47650084,0.0
2024-09-13T03:00:00,0.47650084,0.0
2024-09-13T04:00:00,0.47650084,0.0
2024-09-13T05:00:00,0.58217317,0.75000006
2024-09-13T06:00:00,0.6878455,0.75
2024-09-13T07:00:00,0.6878455,0.0
2024-09-13T08:00:00,0.6878455,0.0
2024-09-13T09:00:00,0.6878455,0.0
2024-09-13T10:00:00,0.6878455,0.0
2024-09-13T11:00:00,0.6878455,0.0
2024-09-13T12:00:00,0.6878455,0.0
2024-09-13T13:00:00,0.6878455,0.0
2024-09-13T14:00:00,0.6878455,0.0
2024-09-13T15:00:00,0.6878455,0.0
2024-09-13T16:00:00,0.6878455,0.0
2024-09-13T17:00:00,0.6878455,0.0
2024-09-13T18:00:00,0.6878455,0.0
2024-09-13T19:00:00,0.6878455,0.0
2024-09-13T20:00:00,0.6878455,0.0
2024-09-13T21:00:00,0.55788803,-0.75000006
2024-09-13T22:00:00,0.55788803,0.0
2024-09-13T23:00:00,0.55788803,0.0
2024-09-14T00:00:00,0.55788803,0.0
2024-09-14T01:00:00,0.55788803,0.0
2024-09-14T02:00:00,0.6635604,0.75
2024-09-14T03:00:00,0.6635604,0.0
2024-09-14T04:00:00,0.6635604,0.0
2024-09-14T05:00:00,0.6635604,0.0
2024-09-14T06:00:00,0.6635604,0.0
2024-09-14T07:00:00,0.6635604,0.0
2024-09-14T08:00:00,0.6635604,0.0
2024-09-14T09:00:00,0.6635604,0.0
2024-09-14T10:00:00,0.6635604,0.0
2024-09-14T11:00:00,0.6635604,0.0
2024-09-14T12:00:00,0.6635604,0.0
2024-09-14T13:00:00,0.6635604,0.0
2024-09-14T14:00:00,0.6635604,0.0
2024-09-14T15:00:00,0.6635604,0.0
2024-09-14T16:00:00,0.6635604,0.0
2024-09-14T17:00:00,0.6635604,0.0
2024-09-14T18:00:00,0.6635604,0.0
2024-09-14T19:00:00,0.6635604,0.0
2024-09-14T20:00:00,0.6635604,0.0
2024-09-14T21:00:00,0.5336029,-0.75000006
2024-09-14T22:00:00,0.5336029,0.0
2024-09-14T23:00:00,0.5336029,0.0
2024-09-15T00:00:00,0.5336029,0.0
2024-09-15T01:00:00,0.5336029,0.0
2024-09-15T02:00:00,0.63927525,0.75
2024-09-15T03:00:00,0.63927525,0.0
2024-09-15T04:00:00,0.63927525,0.0
2024-09-15T05:00:00,0.63927525,0.0
2024-09-15T06:00:00,0.63927525,0.0
2024-09-15T07:00:00,0.63927525,0.0
2024-09-15T08:00:00,0.63927525,0.0
2024-09-15T09:00:00,0.63927525,0.0
2024-09-15T10:00:00,0.63927525,0.0
2024-09-15T11:00:00,0.50931776,-0.75000006
2024-09-15T12:00:00,0.50931776,0.0
2024-09-15T13:00:00,0.50931776,0.0
2024-09-15T14:00:00,0.50931776,0.0
2024-09-15T15:00:00,0.50931776,0.0
2024-09-15T16:00:00,0.50931776,0.0
2024-09-15T17:00:00,0.50931776,0.0
2024-09-15T18:00:00,0.50931776,0.0
2024-09-15T19:00:00,0.50931776,0.0
2024-09-15T20:00:00,0.50931776,0.0
2024-09-15T21:00:00,0.50931776,0.0
2024-09-15T22:00:00,0.50931776,0.0
2024-09-15T23:00:00,0.50931776,0.0
2024-09-16T00:00:00,0.6149901,0.75000006
2024-09-16T01:00:00,0.48503265,-0.75000006
2024-09-16T02:00:00,0.48503265,0.0
2024-09-16T03:00:00,0.48503265,0.0
2024-09-16T04:00:00,0.48503265,0.0
2024-09-16T05:00:00,0.48503265,0.0
2024-09-16T06:00:00,0.48503265,0.0
2024-09-16T07:00:00,0.48503265,0.0
2024-09-16T08:00:00,0.48503265,0.0
2024-09-16T09:00:00,0.48503265,0.0
2024-09-16T10:00:00,0.48503265,0.0
2024-09-16T11:00:00,0.48503265,0.0
2024-09-16T12:00:00,0.48503265,0.0
2024-09-16T13:00:00,0.48503265,0.0
2024-09-16T14:00:00,0.48503265,0.0
2024-09-16T15:00:00,0.48503265,0.0
2024-09-16T16:00:00,0.48503265,0.0
2024-09-16T17:00:00,0.48503265,0.0
2024-09-16T18:00:00,0.48503265,0.0
2024-09-16T19:00:00,0.48503265,0.0
2024-09-16T20:00:00,0.48503265,0.0
2024-09-16T21:00:00,0.48503265,0.0
2024-09-16T22:00:00,0.48503265,0.0
2024-09-16T23:00:00,0.48503265,0.0
2024-09-17T00:00:00,0.48503265,0.0
2024-09-17T01:00:00,0.48503265,0.0
2024-09-17T02:00:00,0.48503265,0.0
2024-09-17T03:00:00,0.48503265,0.0
2024-09-17T04:00:00,0.590705,0.75000006
2024-09-17T05:00:00,0.590705,0.0
2024-09-17T06:00:00,0.590705,0.0
2024-09-17T07:00:00,0.590705,0.0
2024-09-17T08:00:00,0.590705,0.0
2024-09-17T09:00:00,0.590705,0.0
2024-09-17T10:00:00,0.590705,0.0
2024-09-17T11:00:00,0.69637734,0.75
2024-09-17T12:00:00,0.69637734,0.0
2024-09-17T13:00:00,0.69637734,0.0
2024-09-17T14:00:00,0.69637734,0.0
2024-09-17T15:00:00,0.69637734,0.0
2024-09-17T16:00:00,0.69637734,0.0
2024-09-17T17:00:00,0.69637734,0.0
2024-09-17T18:00:00,0.69637734,0.0
2024-09-17T19:00:00,0.69637734,0.0
2024-09-17T20:00:00,0.69637734,0.0
2024-09-17T21:00:00,0.69637734,0.0
2024-09-17T22:00:00,0.56641984,-0.75000006
2024-09-17T23:00:00,0.6720922,0.75
2024-09-18T00:00:00,0.6720922,0.0
2024-09-18T01:00:00,0.6720922,0.0
2024-09-18T02:00:00,0.6720922,0.0
2024-09-18T03:00:00,0.6720922,0.0
2024-09-18T04:00:00,0.6720922,0.0
2024-09-18T05:00:00,0.6720922,0.0
2024-09-18T06:00:00,0.6720922,0.0
2024-09-18T07:00:00,0.6720922,0.0
2024-09-18T08:00:00,0.6720922,0.0
2024-09-18T09:00:00,0.6720922,0.0
2024-09-18T10:00:00,0.6720922,0.0
2024-09-18T11:00:00,0.6720922,0.0
2024-09-18T12:00:00,0.6720922,0.0
2024-09-18T13:00:00,0.6720922,0.0
2024-09-18T14:00:00,0.6720922,0.0
2024-09-18T15:00:00,0.6720922,0.0
2024-09-18T16:00:00,0.6720922,0.0
2024-09-18T17:00:00,0.6720922,0.0
2024-09-18T18:00:00,0.6720922,0.0
2024-09-18T19:00:00,0.6720922,0.0
2024-09-18T20:00:00,0.6720922,0.0
2024-09-18T21:00:00,0.6720922,0.0
2024-09-18T22:00:00,0.6720922,0.0
2024-09-18T23:00:00,0.6720922,0.0
2024-09-19T00:00:00,0.6720922,0.0
2024-09-19T01:00:00,0.6720922,0.0
2024-09-19T02:00:00,0.6720922,0.0
2024-09-19T03:00:00,0.6720922,0.0
2024-09-19T04:00:00,0.6720922,0.0
2024-09-19T05:00:00,0.6720922,0.0
2024-09-19T06:00:00,0.6720922,0.0
2024-09-19T07:00:00,0.6720922,0.0
2024-09-19T08:00:00,0.6720922,0.0
2024-09-19T09:00:00,0.5421347,-0.75000006
2024-09-19T10:00:00,0.5421347,0.0
2024-09-19T11:00:00,0.5421347,0.0
2024-09-19T12:00:00,0.5421347,0.0
2024-09-19T13:00:00,0.5421347,0.0
2024-09-19T14:00:00,0.5421347,0.0
2024-09-19T15:00:00,0.5421347,0.0
2024-09-19T16:00:00,0.5421347,0.0
2024-09-19T17:00:00,0.5421347,0.0
2024-09-19T18:00:00,0.5421347,0.0
2024-09-19T19:00:00,0.5421347,0.0
2024-09-19T20:00:00,0.5421347,0.0
2024-09-19T21:00:00,0.5421347,0.0
2024-09-19T22:00:00,0.5421347,0.0
2024-09-19T23:00:00,0.5421347,0.0
2024-09-20T00:00:00,0.5421347,0.0
2024-09-20T01:00:00,0.5421347,0.0
2024-09-20T02:00:00,0.5421347,0.0
2024-09-20T03:00:00,0.5421347,0.0
2024-09-20T04:00:00,0.5421347,0.0
2024-09-20T05:00:00,0.5421347,0.0
2024-09-20T06:00:00,0.5421347,0.0
2024-09-20T07:00:00,0.5421347,0.0
2024-09-20T08:00:00,0.5421347,0.0
2024-09-20T09:00:00,0.5421347,0.0
2024-09-20T10:00:00,0.5421347,0.0
2024-09-20T11:00:00,0.5421347,0.0
2024-09-20T12:00:00,0.5421347,0.0
2024-09-20T13:00:00,0.5421347,0.0
2024-09-20T14:00:00,0.5421347,0.0
2024-09-20T15:00:00,0.5421347,0.0
2024-09-20T16:00:00,0.5421347,0.0
2024-09-20T17:00:00,0.5421347,0.0
2024-09-20T18:00:00,0.5421347,0.0
2024-09-20T19:00:00,0.64780706,0.75
2024-09-20T20:00:00,0.51784956,-0.75000006
2024-09-20T21:00:00,0.51784956,0.0
2024-09-20T22:00:00,0.51784956,0.0
2024-09-20T23:00:00,0.51784956,0.0
2024-09-21T00:00:00,0.51784956,0.0
2024-09-21T01:00:00,0.51784956,0.0
2024-09-21T02:00:00,0.6235219,0.75000006
2024-09-21T03:00:00,0.6235219,0.0
2024-09-21T04:00:00,0.6235219,0.0
2024-09-21T05:00:00,0.6235219,0.0
2024-09-21T06:00:00,0.6235219,0.0
2024-09-21T07:00:00,0.6235219,0.0
2024-09-21T08:00:00,0.6235219,0.0
2024-09-21T09:00:00,0.6235219,0.0
2024-09-21T10:00:00,0.6235219,0.0
2024-09-21T11:00:00,0.6235219,0.0
2024-09-21T12:00:00,0.6235219,0.0
2024-09-21T13:00:00,0.6235219,0.0
2024-09-21T14:00:00,0.6235219,0.0
2024-09-21T15:00:00,0.6235219,0.0
2024-09-21T16:00:00,0.6235219,0.0
2024-09-21T17:00:00,0.6235219,0.0
2024-09-21T18:00:00,0.6235219,0.0
2024-09-21T19:00:00,0.6235219,0.0
2024-09-21T20:00:00,0.6235219,0.0
2024-09-21T21:00:00,0.6235219,0.0
2024-09-21T22:00:00,0.6235219,0.0
2024-09-21T23:00:00,0.6235219,0.0
2024-09-22T00:00:00,0.6235219,0.0
2024-09-22T01:00:00,0.49356446,-0.75000006
2024-09-22T02:00:00,0.49356446,0.0
2024-09-22T03:00:00,0.49356446,0.0
2024-09-22T04:00:00,0.49356446,0.0
2024-09-22T05:00:00,0.49356446,0.0
2024-09-22T06:00:00,0.49356446,0.0
2024-09-22T07:00:00,0.49356446,0.0
2024-09-22T08:00:00,0.49356446,0.0
2024-09-22T09:00:00,0.49356446,0.0
2024-09-22T10:00:00,0.49356446,0.0
2024-09-22T11:00:00,0.49356446,0.0
2024-09-22T12:00:00,0.49356446,0.0
2024-09-22T13:00:00,0.49356446,0.0
2024-09-22T14:00:00,0.49356446,0.0
2024-09-22T15:00:00,0.49356446,0.0
2024-09-22T16:00:00,0.49356446,0.0
2024-09-22T17:00:00,0.49356446,0.0
2024-09-22T18:00:00,0.49356446,0.0
2024-09-22T19:00:00,0.49356446,0.0
2024-09-22T20:00:00,0.49356446,0.0
2024-09-22T21:00:00,0.49356446,0.0
2024-09-22T22:00:00,0.49356446,0.0
2024-09-22T23:00:00,0.49356446,0.0
2024-09-23T00:00:00,0.49356446,0.0
2024-09-23T01:00:00,0.49356446,0.0
2024-09-23T02:00:00,0.49356446,0.0
2024-09-23T03:00:00,0.49356446,0.0
2024-09-23T04:00:00,0.49356446,0.0
2024-09-23T05:00:00,0.49356446,0.0
2024-09-23T06:00:00,0.49356446,0.0
2024-09-23T07:00:00,0.49356446,0.0
2024-09-23T08:00:00,0.49356446,0.0
2024-09-23T09:00:00,0.49356446,0.0
2024-09-23T10:00:00,0.49356446,0.0
2024-09-23T11:00:00,0.49356446,0.0
2024-09-23T12:00:00,0.49356446,0.0
2024-09-23T13:00:00,0.49356446,0.0
2024-09-23T14:00:00,0.49356446,0.0
2024-09-23T15:00:00,0.49356446,0.0
2024-09-23T16:00:00,0.49356446,0.0
2024-09-23T17:00:00,0.49356446,0.0
2024-09-23T18:00:00,0.49356446,0.0
2024-09-23T19:00:00,0.49356446,0.0
2024-09-23T20:00:00,0.49356446,0.0
2024-09-23T21:00:00,0.49356446,0.0
2024-09-23T22:00:00,0.49356446,0.0
2024-09-23T23:00:00,0.49356446,0.0
2024-09-24T00:00:00,0.49356446,0.0
2024-09-24T01:00:00,0.49356446,0.0
2024-09-24T02:00:00,0.49356446,0.0
2024-09-24T03:00:00,0.49356446,0.0
2024-09-24T04:00:00,0.49356446,0.0
2024-09-24T05:00:00,0.49356446,0.0
2024-09-24T06:00:00,0.49356446,0.0
2024-09-24T07:00:00,0.49356446,0.0
2024-09-24T08:00:00,0.49356446,0.0
2024-09-24T09:00:00,0.49356446,0.0
2024-09-24T10:00:00,0.49356446,0.0
2024-09-24T11:00:00,0.49356446,0.0
2024-09-24T12:00:00,0.49356446,0.0
2024-09-24T13:00:00,0.49356446,0.0
2024-09-24T14:00:00,0.49356446,0.0
2024-09-24T15:00:00,0.49356446,0.0
2024-09-24T16:00:00,0.49356446,0.0
2024-09-24T17:00:00,0.5992368,0.75000006
2024-09-24T18:00:00,0.70490915,0.75
2024-09-24T19:00:00,0.70490915,0.0
2024-09-24T20:00:00,0.70490915,0.0
2024-09-24T21:00:00,0.57495165,-0.75000006
2024-09-24T22:00:00,0.57495165,0.0
2024-09-24T23:00:00,0.57495165,0.0
2024-09-25T00:00:00,0.57495165,0.0
2024-09-25T01:00:00,0.57495165,0.0
2024-09-25T02:00:00,0.57495165,0.0
2024-09-25T03:00:00,0.57495165,0.0
2024-09-25T04:00:00,0.57495165,0.0
2024-09-25T05:00:00,0.57495165,0.0
2024-09-25T06:00:00,0.57495165,0.0
2024-09-25T07:00:00,0.57495165,0.0
2024-09-25T08:00:00,0.57495165,0.0
2024-09-25T09:00:00,0.57495165,0.0
2024-09-25T10:00:00,0.57495165,0.0
2024-09-25T11:00:00,0.680624,0.75
2024-09-25T12:00:00,0.680624,0.0
2024-09-25T13:00:00,0.680624,0.0
2024-09-25T14:00:00,0.680624,0.0
2024-09-25T15:00:00,0.680624,0.0
2024-09-25T16:00:00,0.680624,0.0
2024-09-25T17:00:00,0.680624,0.0
2024-09-25T18:00:00,0.680624,0.0
2024-09-25T19:00:00,0.680624,0.0
2024-09-25T20:00:00,0.680624,0.0
2024-09-25T21:00:00,0.680624,0.0
2024-09-25T22:00:00,0.680624,0.0
2024-09-25T23:00:00,0.5506665,-0.75000006
2024-09-26T00:00:00,0.5506665,0.0
2024-09-26T01:00:00,0.5506665,0.0
2024-09-26T02:00:00,0.6563389,0.75
2024-09-26T03:00:00,0.6563389,0.0
2024-09-26T04:00:00,0.6563389,0.0
2024-09-26T05:00:00,0.6563389,0.0
2024-09-26T06:00:00,0.6563389,0.0
2024-09-26T07:00:00,0.6563389,0.0
2024-09-26T08:00:00,0.6563389,0.0
2024-09-26T09:00:00,0.6563389,0.0
2024-09-26T10:00:00,0.6563389,0.0
2024-09-26T11:00:00,0.5263814,-0.75000006
2024-09-26T12:00:00,0.5263814,0.0
2024-09-26T13:00:00,0.5263814,0.0
2024-09-26T14:00:00,0.5263814,0.0
2024-09-26T15:00:00,0.5263814,0.0
2024-09-26T16:00:00,0.5263814,0.0
2024-09-26T17:00:00,0.5263814,0.0
2024-09-26T18:00:00,0.5263814,0.0
2024-09-26T19:00:00,0.5263814,0.0
2024-09-26T20:00:00,0.5263814,0.0
2024-09-26T21:00:00,0.5263814,0.0
2024-09-26T22:00:00,0.5263814,0.0
2024-09-26T23:00:00,0.5263814,0.0
2024-09-27T00:00:00,0.5263814,0.0
2024-09-27T01:00:00,0.5263814,0.0
2024-09-27T02:00:00,0.5263814,0.0
2024-09-27T03:00:00,0.5263814,0.0
2024-09-27T04:00:00,0.5263814,0.0
2024-09-27T05:00:00,0.5263814,0.0
2024-09-27T06:00:00,0.5263814,0.0
2024-09-27T07:00:00,0.5263814,0.0
2024-09-27T08:00:00,0.5263814,0.0
2024-09-27T09:00:00,0.5263814,0.0
2024-09-27T10:00:00,0.5263814,0.0
2024-09-27T11:00:00,0.5263814,0.0
2024-09-27T12:00:00,0.5263814,0.0
2024-09-27T13:00:00,0.5263814,0.0
2024-09-27T14:00:00,0.63205373,0.75000006
2024-09-27T15:00:00,0.63205373,0.0
2024-09-27T16:00:00,0.63205373,0.0
2024-09-27T17:00:00,0.63205373,0.0
2024-09-27T18:00:00,0.63205373,0.0
2024-09-27T19:00:00,0.63205373,0.0
2024-09-27T20:00:00,0.63205373,0.0
2024-09-27T21:00:00,0.63205373,0.0
2024-09-27T22:00:00,0.63205373,0.0
2024-09-27T23:00:00,0.50209624,-0.75000006
2024-09-28T00:00:00,0.50209624,0.0
2024-09-28T01:00:00,0.50209624,0.0
2024-09-28T02:00:00,0.50209624,0.0
2024-09-28T03:00:00,0.50209624,0.0
2024-09-28T04:00:00,0.50209624,0.0
2024-09-28T05:00:00,0.50209624,0.0
2024-09-28T06:00:00,0.50209624,0.0
2024-09-28T07:00:00,0.50209624,0.0
2024-09-28T08:00:00,0.50209624,0.0
2024-09-28T09:00:00,0.50209624,0.0
2024-09-28T10:00:00,0.50209624,0.0
2024-09-28T11:00:00,0.50209624,0.0
2024-09-28T12:00:00,0.50209624,0.0
2024-09-28T13:00:00,0.50209624,0.0
2024-09-28T14:00:00,0.50209624,0.0
2024-09-28T15:00:00,0.6077686,0.75000006
2024-09-28T16:00:00,0.6077686,0.0
2024-09-28T17:00:00,0.6077686,0.0
2024-09-28T18:00:00,0.6077686,0.0
2024-09-28T19:00:00,0.6077686,0.0
2024-09-28T20:00:00,0.6077686,0.0
2024-09-28T21:00:00,0.6077686,0.0
2024-09-28T22:00:00,0.47781113,-0.75000006
2024-09-28T23:00:00,0.47781113,0.0
2024-09-29T00:00:00,0.47781113,0.0
2024-09-29T01:00:00,0.47781113,0.0
2024-09-29T02:00:00,0.47781113,0.0
2024-09-29T03:00:00,0.47781113,0.0
2024-09-29T04:00:00,0.47781113,0.0
2024-09-29T05:00:00,0.47781113,0.0
2024-09-29T06:00:00,0.58348346,0.75000006
2024-09-29T07:00:00,0.6891558,0.75
2024-09-29T08:00:00,0.6891558,0.0
2024-09-29T09:00:00,0.5591983,-0.75000006
2024-09-29T10:00:00,0.5591983,0.0
2024-09-29T11:00:00,0.5591983,0.0
2024-09-29T12:00:00,0.5591983,0.0
2024-09-29T13:00:00,0.5591983,0.0
2024-09-29T14:00:00,0.5591983,0.0
2024-09-29T15:00:00,0.6648707,0.75
2024-09-29T16:00:00,0.6648707,0.0
2024-09-29T17:00:00,0.6648707,0.0
2024-09-29T18:00:00,0.6648707,0.0
2024-09-29T19:00:00,0.6648707,0.0
2024-09-29T20:00:00,0.6648707,0.0
2024-09-29T21:00:00,0.6648707,0.0
2024-09-29T22:00:00,0.5349132,-0.75000006
2024-09-29T23:00:00,0.5349132,0.0
2024-09-30T00:00:00,0.5349132,0.0
2024-09-30T01:00:00,0.64058554,0.75000006
2024-09-30T02:00:00,0.64058554,0.0
2024-09-30T03:00:00,0.64058554,0.0
2024-09-30T04:00:00,0.64058554,0.0
2024-09-30T05:00:00,0.64058554,0.0
2024-09-30T06:00:00,0.64058554,0.0
2024-09-30T07:00:00,0.64058554,0.0
2024-09-30T08:00:00,0.51062804,-0.75000006
2024-09-30T09:00:00,0.51062804,0.0
2024-09-30T10:00:00,0.51062804,0.0
2024-09-30T11:00:00,0.51062804,0.0
2024-09-30T12:00:00,0.6163004,0.75000006
2024-09-30T13:00:00,0.6163004,0.0
2024-09-30T14:00:00,0.6163004,0.0
2024-09-30T15:00:00,0.6163004,0.0
2024-09-30T16:00:00,0.6163004,0.0
2024-09-30T17:00:00,0.6163004,0.0
2024-09-30T18:00:00,0.6163004,0.0
2024-09-30T19:00:00,0.6163004,0.0
2024-09-30T20:00:00,0.6163004,0.0
2024-09-30T21:00:00,0.48634294,-0.75000006
2024-09-30T22:00:00,0.48634294,0.0
2024-09-30T23:00:00,0.48634294,0.0
2024-10-01T00:00:00,0.48634294,0.0
2024-10-01T01:00:00,0.48634294,0.0
2024-10-01T02:00:00,0.48634294,0.0
2024-10-01T03:00:00,0.59201527,0.75000006
2024-10-01T04:00:00,0.6976876,0.75
2024-10-01T05:00:00,0.6976876,0.0
2024-10-01T06:00:00,0.6976876,0.0
2024-10-01T07:00:00,0.6976876,0.0
2024-10-01T08:00:00,0.6976876,0.0
2024-10-01T09:00:00,0.6976876,0.0
2024-10-01T10:00:00,0.5677301,-0.75000006
2024-10-01T11:00:00,0.5677301,0.0
2024-10-01T12:00:00,0.5677301,0.0
2024-10-01T13:00:00,0.5677301,0.0
2024-10-01T14:00:00,0.6734025,0.75
2024-10-01T15:00:00,0.6734025,0.0
2024-10-01T16:00:00,0.6734025,0.0
2024-10-01T17:00:00,0.6734025,0.0
2024-10-01T18:00:00,0.6734025,0.0
2024-10-01T19:00:00,0.6734025,0.0
2024-10-01T20:00:00,0.6734025,0.0
2024-10-01T21:00:00,0.543445,-0.75000006
2024-10-01T22:00:00,0.543445,0.0
2024-10-01T23:00:00,0.543445,0.0
2024-10-02T00:00:00,0.543445,0.0
2024-10-02T01:00:00,0.543445,0.0
2024-10-02T02:00:00,0.543445,0.0
2024-10-02T03:00:00,0.543445,0.0
2024-10-02T04:00:00,0.543445,0.0
2024-10-02T05:00:00,0.64911735,0.75000006
2024-10-02T06:00:00,0.64911735,0.0
2024-10-02T07:00:00,0.51915985,-0.75000006
2024-10-02T08:00:00,0.51915985,0.0
2024-10-02T09:00:00,0.51915985,0.0
2024-10-02T10:00:00,0.51915985,0.0
2024-10-02T11:00:00,0.6248322,0.75000006
2024-10-02T12:00:00,0.6248322,0.0
2024-10-02T13:00:00,0.6248322,0.0
2024-10-02T14:00:00,0.6248322,0.0
2024-10-02T15:00:00,0.6248322,0.0
2024-10-02T16:00:00,0.6248322,0.0
2024-10-02T17:00:00,0.6248322,0.0
2024-10-02T18:00:00,0.6248322,0.0
2024-10-02T19:00:00,0.6248322,0.0
2024-10-02T20:00:00,0.6248322,0.0
2024-10-02T21:00:00,0.6248322,0.0
2024-10-02T22:00:00,0.49487475,-0.75000006
2024-10-02T23:00:00,0.6005471,0.75000006
2024-10-03T00:00:00,0.6005471,0.0
2024-10-03T01:00:00,0.6005471,0.0
2024-10-03T02:00:00,0.6005471,0.0
2024-10-03T03:00:00,0.6005471,0.0
2024-10-03T04:00:00,0.6005471,0.0
2024-10-03T05:00:00,0.6005471,0.0
2024-10-03T06:00:00,0.6005471,0.0
2024-10-03T07:00:00,0.6005471,0.0
2024-10-03T08:00:00,0.6005471,0.0
2024-10-03T09:00:00,0.6005471,0.0
2024-10-03T10:00:00,0.6005471,0.0
2024-10-03T11:00:00,0.4705896,-0.75000006
2024-10-03T12:00:00,0.4705896,0.0
2024-10-03T13:00:00,0.4705896,0.0
2024-10-03T14:00:00,0.4705896,0.0
2024-10-03T15:00:00,0.4705896,0.0
2024-10-03T16:00:00,0.4705896,0.0
2024-10-03T17:00:00,0.4705896,0.0
2024-10-03T18:00:00,0.4705896,0.0
2024-10-03T19:00:00,0.4705896,0.0
2024-10-03T20:00:00,0.57626194,0.75000006
2024-10-03T21:00:00,0.57626194,0.0
2024-10-03T22:00:00,0.57626194,0.0
2024-10-03T23:00:00,0.57626194,0.0
2024-10-04T00:00:00,0.57626194,0.0
2024-10-04T01:00:00,0.57626194,0.0
2024-10-04T02:00:00,0.57626194,0.0
2024-10-04T03:00:00,0.57626194,0.0
2024-10-04T04:00:00,0.57626194,0.0
2024-10-04T05:00:00,0.57626194,0.0
2024-10-04T06:00:00,0.57626194,0.0
2024-10-04T07:00:00,0.57626194,0.0
2024-10-04T08:00:00,0.57626194,0.0
2024-10-04T09:00:00,0.57626194,0.0
2024-10-04T10:00:00,0.57626194,0.0
2024-10-04T11:00:00,0.57626194,0.0
2024-10-04T12:00:00,0.57626194,0.0
2024-10-04T13:00:00,0.57626194,0.0
2024-10-04T14:00:00,0.6819343,0.75
2024-10-04T15:00:00,0.6819343,0.0
2024-10-04T16:00:00,0.6819343,0.0
2024-10-04T17:00:00,0.6819343,0.0
2024-10-04T18:00:00,0.6819343,0.0
2024-10-04T19:00:00,0.6819343,0.0
2024-10-04T20:00:00,0.5519768,-0.75000006
2024-10-04T21:00:00,0.5519768,0.0
2024-10-04T22:00:00,0.5519768,0.0
2024-10-04T23:00:00,0.5519768,0.0
2024-10-05T00:00:00,0.5519768,0.0
2024-10-05T01:00:00,0.5519768,0.0
2024-10-05T02:00:00,0.5519768,0.0
2024-10-05T03:00:00,0.5519768,0.0
2024-10-05T04:00:00,0.5519768,0.0
2024-10-05T05:00:00,0.5519768,0.0
2024-10-05T06:00:00,0.5519768,0.0
2024-10-05T07:00:00,0.5519768,0.0
2024-10-05T08:00:00,0.5519768,0.0
2024-10-05T09:00:00,0.5519768,0.0
2024-10-05T10:00:00,0.5519768,0.0
2024-10-05T11:00:00,0.5519768,0.0
2024-10-05T12:00:00,0.5519768,0.0
2024-10-05T13:00:00,0.5519768,0.0
2024-10-05T14:00:00,0.5519768,0.0
2024-10-05T15:00:00,0.5519768,0.0
2024-10-05T16:00:00,0.5519768,0.0
2024-10-05T17:00:00,0.5519768,0.0
2024-10-05T18:00:00,0.5519768,0.0
2024-10-05T19:00:00,0.5519768,0.0
2024-10-05T20:00:00,0.5519768,0.0
2024-10-05T21:00:00,0.5519768,0.0
2024-10-05T22:00:00,0.5519768,0.0
2024-10-05T23:00:00,0.5519768,0.0
2024-10-06T00:00:00,0.5519768,0.0
2024-10-06T01:00:00,0.5519768,0.0
2024-10-06T02:00:00,0.5519768,0.0
2024-10-06T03:00:00,0.65764916,0.75000006
2024-10-06T04:00:00,0.65764916,0.0
2024-10-06T05:00:00,0.65764916,0.0
2024-10-06T06:00:00,0.65764916,0.0
2024-10-06T07:00:00,0.65764916,0.0
2024-10-06T08:00:00,0.65764916,0.0
2024-10-06T09:00:00,0.65764916,0.0
2024-10-06T10:00:00,0.65764916,0.0
2024-10-06T11:00:00,0.65764916,0.0
2024-10-06T12:00:00,0.65764916,0.0
2024-10-06T13:00:00,0.65764916,0.0
2024-10-06T14:00:00,0.65764916,0.0
2024-10-06T15:00:00,0.65764916,0.0
2024-10-06T16:00:00,0.65764916,0.0
2024-10-06T17:00:00,0.65764916,0.0
2024-10-06T18:00:00,0.65764916,0.0
2024-10-06T19:00:00,0.65764916,0.0
2024-10-06T20:00:00,0.65764916,0.0
2024-10-06T21:00:00,0.52769166,-0.75000006
2024-10-06T22:00:00,0.52769166,0.0
2024-10-06T23:00:00,0.52769166,0.0
2024-10-07T00:00:00,0.52769166,0.0
2024-10-07T01:00:00,0.52769166,0.0
2024-10-07T02:00:00,0.52769166,0.0
2024-10-07T03:00:00,0.633364,0.75000006
2024-10-07T04:00:00,0.633364,0.0
2024-10-07T05:00:00,0.633364,0.0
2024-10-07T06:00:00,0.633364,0.0
2024-10-07T07:00:00,0.633364,0.0
2024-10-07T08:00:00,0.633364,0.0
2024-10-07T09:00:00,0.5034065,-0.75000006
2024-10-07T10:00:00,0.5034065,0.0
2024-10-07T11:00:00,0.5034065,0.0
2024-10-07T12:00:00,0.5034065,0.0
2024-10-07T13:00:00,0.5034065,0.0
2024-10-07T14:00:00,0.5034065,0.0
2024-10-07T15:00:00,0.5034065,0.0
2024-10-07T16:00:00,0.5034065,0.0
2024-10-07T17:00:00,0.5034065,0.0
2024-10-07T18:00:00,0.5034065,0.0
2024-10-07T19:00:00,0.5034065,0.0
2024-10-07T20:00:00,0.5034065,0.0
2024-10-07T21:00:00,0.5034065,0.0
2024-10-07T22:00:00,0.5034065,0.0
2024-10-07T23:00:00,0.5034065,0.0
2024-10-08T00:00:00,0.5034065,0.0
2024-10-08T01:00:00,0.5034065,0.0
2024-10-08T02:00:00,0.5034065,0.0
2024-10-08T03:00:00,0.5034065,0.0
2024-10-08T04:00:00,0.5034065,0.0
2024-10-08T05:00:00,0.5034065,0.0
2024-10-08T06:00:00,0.5034065,0.0
2024-10-08T07:00:00,0.5034065,0.0
2024-10-08T08:00:00,0.5034065,0.0
2024-10-08T09:00:00,0.5034065,0.0
2024-10-08T10:00:00,0.5034065,0.0
2024-10-08T11:00:00,0.5034065,0.0
2024-10-08T12:00:00,0.6090789,0.75000006
2024-10-08T13:00:00,0.6090789,0.0
2024-10-08T14:00:00,0.6090789,0.0
2024-10-08T15:00:00,0.6090789,0.0
2024-10-08T16:00:00,0.6090789,0.0
2024-10-08T17:00:00,0.6090789,0.0
2024-10-08T18:00:00,0.6090789,0.0
2024-10-08T19:00:00,0.6090789,0.0
2024-10-08T20:00:00,0.6090789,0.0
2024-10-08T21:00:00,0.47912142,-0.75000006
2024-10-08T22:00:00,0.47912142,0.0
2024-10-08T23:00:00,0.47912142,0.0
2024-10-09T00:00:00,0.47912142,0.0
2024-10-09T01:00:00,0.47912142,0.0
2024-10-09T02:00:00,0.47912142,0.0
2024-10-09T03:00:00,0.47912142,0.0
2024-10-09T04:00:00,0.47912142,0.0
2024-10-09T05:00:00,0.47912142,0.0
2024-10-09T06:00:00,0.47912142,0.0
2024-10-09T07:00:00,0.47912142,0.0
2024-10-09T08:00:00,0.47912142,0.0
2024-10-09T09:00:00,0.58479375,0.75000006
2024-10-09T10:00:00,0.6904661,0.75
2024-10-09T11:00:00,0.6904661,0.0
2024-10-09T12:00:00,0.6904661,0.0
2024-10-09T13:00:00,0.6904661,0.0
2024-10-09T14:00:00,0.6904661,0.0
2024-10-09T15:00:00,0.6904661,0.0
2024-10-09T16:00:00,0.6904661,0.0
2024-10-09T17:00:00,0.6904661,0.0
2024-10-09T18:00:00,0.6904661,0.0
2024-10-09T19:00:00,0.6904661,0.0
2024-10-09T20:00:00,0.6904661,0.0
2024-10-09T21:00:00,0.6904661,0.0
2024-10-09T22:00:00,0.5605086,-0.75000006
2024-10-09T23:00:00,0.5605086,0.0
2024-10-10T00:00:00,0.5605086,0.0
2024-10-10T01:00:00,0.66618097,0.75000006
2024-10-10T02:00:00,0.66618097,0.0
2024-10-10T03:00:00,0.66618097,0.0
2024-10-10T04:00:00,0.66618097,0.0
2024-10-10T05:00:00,0.66618097,0.0
2024-10-10T06:00:00,0.66618097,0.0
2024-10-10T07:00:00,0.66618097,0.0
2024-10-10T08:00:00,0.66618097,0.0
2024-10-10T09:00:00,0.66618097,0.0
2024-10-10T10:00:00,0.5362235,-0.75000006
2024-10-10T11:00:00,0.5362235,0.0
2024-10-10T12:00:00,0.5362235,0.0
2024-10-10T13:00:00,0.5362235,0.0
2024-10-10T14:00:00,0.5362235,0.0
2024-10-10T15:00:00,0.64189583,0.75000006
2024-10-10T16:00:00,0.64189583,0.0
2024-10-10T17:00:00,0.64189583,0.0
2024-10-10T18:00:00,0.64189583,0.0
2024-10-10T19:00:00,0.64189583,0.0
2024-10-10T20:00:00,0.51193833,-0.75000006
2024-10-10T21:00:00,0.51193833,0.0
2024-10-10T22:00:00,0.51193833,0.0
2024-10-10T23:00:00,0.51193833,0.0
2024-10-11T00:00:00,0.51193833,0.0
2024-10-11T01:00:00,0.51193833,0.0
2024-10-11T02:00:00,0.51193833,0.0
2024-10-11T03:00:00,0.51193833,0.0
2024-10-11T04:00:00,0.51193833,0.0
2024-10-11T05:00:00,0.6176107,0.75000006
2024-10-11T06:00:00,0.6176107,0.0
2024-10-11T07:00:00,0.6176107,0.0
2024-10-11T08:00:00,0.48765323,-0.75000006
2024-10-11T09:00:00,0.48765323,0.0
2024-10-11T10:00:00,0.48765323,0.0
2024-10-11T11:00:00,0.48765323,0.0
2024-10-11T12:00:00,0.48765323,0.0
2024-10-11T13:00:00,0.48765323,0.0
2024-10-11T14:00:00,0.48765323,0.0
2024-10-11T15:00:00,0.48765323,0.0
2024-10-11T16:00:00,0.48765323,0.0
2024-10-11T17:00:00,0.48765323,0.0
2024-10-11T18:00:00,0.48765323,0.0
2024-10-11T19:00:00,0.48765323,0.0
2024-10-11T20:00:00,0.48765323,0.0
2024-10-11T21:00:00,0.48765323,0.0
2024-10-11T22:00:00,0.48765323,0.0
2024-10-11T23:00:00,0.48765323,0.0
2024-10-12T00:00:00,0.48765323,0.0
2024-10-12T01:00:00,0.48765323,0.0
2024-10-12T02:00:00,0.48765323,0.0
2024-10-12T03:00:00,0.48765323,0.0
2024-10-12T04:00:00,0.48765323,0.0
2024-10-12T05:00:00,0.48765323,0.0
2024-10-12T06:00:00,0.48765323,0.0
2024-10-12T07:00:00,0.48765323,0.0
2024-10-12T08:00:00,0.48765323,0.0
2024-10-12T09:00:00,0.48765323,0.0
2024-10-12T10:00:00,0.48765323,0.0
2024-10-12T11:00:00,0.48765323,0.0
2024-10-12T12:00:00,0.59332556,0.75000006
2024-10-12T13:00:00,0.6989979,0.75
2024-10-12T14:00:00,0.6989979,0.0
2024-10-12T15:00:00,0.6989979,0.0
2024-10-12T16:00:00,0.6989979,0.0
2024-10-12T17:00:00,0.6989979,0.0
2024-10-12T18:00:00,0.6989979,0.0
2024-10-12T19:00:00,0.6989979,0.0
2024-10-12T20:00:00,0.6989979,0.0
2024-10-12T21:00:00,0.5690404,-0.75000006
2024-10-12T22:00:00,0.5690404,0.0
2024-10-12T23:00:00,0.5690404,0.0
2024-10-13T00:00:00,0.5690404,0.0
2024-10-13T01:00:00,0.5690404,0.0
2024-10-13T02:00:00,0.6747128,0.75000006
2024-10-13T03:00:00,0.6747128,0.0
2024-10-13T04:00:00,0.6747128,0.0
2024-10-13T05:00:00,0.6747128,0.0
2024-10-13T06:00:00,0.6747128,0.0
2024-10-13T07:00:00,0.6747128,0.0
2024-10-13T08:00:00,0.5447553,-0.75000006
2024-10-13T09:00:00,0.5447553,0.0
2024-10-13T10:00:00,0.5447553,0.0
2024-10-13T11:00:00,0.5447553,0.0
2024-10-13T12:00:00,0.5447553,0.0
2024-10-13T13:00:00,0.5447553,0.0
2024-10-13T14:00:00,0.5447553,0.0
2024-10-13T15:00:00,0.5447553,0.0
2024-10-13T16:00:00,0.5447553,0.0
2024-10-13T17:00:00,0.65042764,0.75000006
2024-10-13T18:00:00,0.65042764,0.0
2024-10-13T19:00:00,0.65042764,0.0
2024-10-13T20:00:00,0.52047014,-0.75000006
2024-10-13T21:00:00,0.52047014,0.0
2024-10-13T22:00:00,0.52047014,0.0
2024-10-13T23:00:00,0.52047014,0.0
2024-10-14T00:00:00,0.52047014,0.0
2024-10-14T01:00:00,0.52047014,0.0
2024-10-14T02:00:00,0.52047014,0.0
2024-10-14T03:00:00,0.52047014,0.0
2024-10-14T04:00:00,0.6261425,0.75
2024-10-14T05:00:00,0.6261425,0.0
2024-10-14T06:00:00,0.6261425,0.0
2024-10-14T07:00:00,0.6261425,0.0
2024-10-14T08:00:00,0.49618503,-0.75000006
2024-10-14T09:00:00,0.49618503,0.0
2024-10-14T10:00:00,0.49618503,0.0
2024-10-14T11:00:00,0.49618503,0.0
2024-10-14T12:00:00,0.49618503,0.0
2024-10-14T13:00:00,0.49618503,0.0
2024-10-14T14:00:00,0.60185736,0.75000006
2024-10-14T15:00:00,0.60185736,0.0
2024-10-14T16:00:00,0.60185736,0.0
2024-10-14T17:00:00,0.60185736,0.0
2024-10-14T18:00:00,0.60185736,0.0
2024-10-14T19:00:00,0.60185736,0.0
2024-10-14T20:00:00,0.4718999,-0.75000006
2024-10-14T21:00:00,0.4718999,0.0
2024-10-14T22:00:00,0.4718999,0.0
2024-10-14T23:00:00,0.4718999,0.0
2024-10-15T00:00:00,0.4718999,0.0
2024-10-15T01:00:00,0.4718999,0.0
2024-10-15T02:00:00,0.4718999,0.0
2024-10-15T03:00:00,0.4718999,0.0
2024-10-15T04:00:00,0.4718999,0.0
2024-10-15T05:00:00,0.4718999,0.0
2024-10-15T06:00:00,0.4718999,0.0
2024-10-15T07:00:00,0.4718999,0.0
2024-10-15T08:00:00,0.4718999,0.0
2024-10-15T09:00:00,0.4718999,0.0
2024-10-15T10:00:00,0.4718999,0.0
2024-10-15T11:00:00,0.4718999,0.0
2024-10-15T12:00:00,0.4718999,0.0
2024-10-15T13:00:00,0.4718999,0.0
2024-10-15T14:00:00,0.4718999,0.0
2024-10-15T15:00:00,0.5775722,0.75000006
2024-10-15T16:00:00,0.6832446,0.75000006
2024-10-15T17:00:00,0.6832446,0.0
2024-10-15T18:00:00,0.6832446,0.0
2024-10-15T19:00:00,0.6832446,0.0
2024-10-15T20:00:00,0.6832446,0.0
2024-10-15T21:00:00,0.5532871,-0.75000006
2024-10-15T22:00:00,0.5532871,0.0
2024-10-15T23:00:00,0.5532871,0.0
2024-10-16T00:00:00,0.5532871,0.0
2024-10-16T01:00:00,0.5532871,0.0
2024-10-16T02:00:00,0.5532871,0.0
2024-10-16T03:00:00,0.5532871,0.0
2024-10-16T04:00:00,0.5532871,0.0
2024-10-16T05:00:00,0.65895945,0.75000006
2024-10-16T06:00:00,0.65895945,0.0
2024-10-16T07:00:00,0.65895945,0.0
2024-10-16T08:00:00,0.65895945,0.0
2024-10-16T09:00:00,0.65895945,0.0
2024-10-16T10:00:00,0.65895945,0.0
2024-10-16T11:00:00,0.65895945,0.0
2024-10-16T12:00:00,0.65895945,0.0
2024-10-16T13:00:00,0.65895945,0.0
2024-10-16T14:00:00,0.65895945,0.0
2024-10-16T15:00:00,0.65895945,0.0
2024-10-16T16:00:00,0.65895945,0.0
2024-10-16T17:00:00,0.65895945,0.0
2024-10-16T18:00:00,0.65895945,0.0
2024-10-16T19:00:00,0.65895945,0.0
2024-10-16T20:00:00,0.65895945,0.0
2024-10-16T21:00:00,0.65895945,0.0
2024-10-16T22:00:00,0.65895945,0.0
2024-10-16T23:00:00,0.65895945,0.0
2024-10-17T00:00:00,0.65895945,0.0
2024-10-17T01:00:00,0.65895945,0.0
2024-10-17T02:00:00,0.65895945,0.0
2024-10-17T03:00:00,0.65895945,0.0
2024-10-17T04:00:00,0.65895945,0.0
2024-10-17T05:00:00,0.65895945,0.0
2024-10-17T06:00:00,0.65895945,0.0
2024-10-17T07:00:00,0.65895945,0.0
2024-10-17T08:00:00,0.65895945,0.0
2024-10-17T09:00:00,0.52900195,-0.75000006
2024-10-17T10:00:00,0.52900195,0.0
2024-10-17T11:00:00,0.52900195,0.0
2024-10-17T12:00:00,0.52900195,0.0
2024-10-17T13:00:00,0.52900195,0.0
2024-10-17T14:00:00,0.52900195,0.0
2024-10-17T15:00:00,0.52900195,0.0
2024-10-17T16:00:00,0.52900195,0.0
2024-10-17T17:00:00,0.52900195,0.0
2024-10-17T18:00:00,0.52900195,0.0
2024-10-17T19:00:00,0.52900195,0.0
2024-10-17T20:00:00,0.52900195,0.0
2024-10-17T21:00:00,0.52900195,0.0
2024-10-17T22:00:00,0.52900195,0.0
2024-10-17T23:00:00,0.52900195,0.0
2024-10-18T00:00:00,0.52900195,0.0
2024-10-18T01:00:00,0.52900195,0.0
2024-10-18T02:00:00,0.52900195,0.0
2024-10-18T03:00:00,0.52900195,0.0
2024-10-18T04:00:00,0.52900195,0.0
2024-10-18T05:00:00,0.52900195,0.0
2024-10-18T06:00:00,0.52900195,0.0
2024-10-18T07:00:00,0.52900195,0.0
2024-10-18T08:00:00,0.52900195,0.0
2024-10-18T09:00:00,0.52900195,0.0
2024-10-18T10:00:00,0.52900195,0.0
2024-10-18T11:00:00,0.52900195,0.0
2024-10-18T12:00:00,0.52900195,0.0
2024-10-18T13:00:00,0.52900195,0.0
2024-10-18T14:00:00,0.6346743,0.75
2024-10-18T15:00:00,0.6346743,0.0
2024-10-18T16:00:00,0.6346743,0.0
2024-10-18T17:00:00,0.6346743,0.0
2024-10-18T18:00:00,0.6346743,0.0
2024-10-18T19:00:00,0.6346743,0.0
2024-10-18T20:00:00,0.5047168,-0.75000006
2024-10-18T21:00:00,0.5047168,0.0
2024-10-18T22:00:00,0.5047168,0.0
2024-10-18T23:00:00,0.5047168,0.0
2024-10-19T00:00:00,0.5047168,0.0
2024-10-19T01:00:00,0.5047168,0.0
2024-10-19T02:00:00,0.5047168,0.0
2024-10-19T03:00:00,0.5047168,0.0
2024-10-19T04:00:00,0.5047168,0.0
2024-10-19T05:00:00,0.5047168,0.0
2024-10-19T06:00:00,0.5047168,0.0
2024-10-19T07:00:00,0.6103892,0.75000006
2024-10-19T08:00:00,0.6103892,0.0
2024-10-19T09:00:00,0.6103892,0.0
2024-10-19T10:00:00,0.6103892,0.0
2024-10-19T11:00:00,0.6103892,0.0
2024-10-19T12:00:00,0.6103892,0.0
2024-10-19T13:00:00,0.6103892,0.0
2024-10-19T14:00:00,0.6103892,0.0
2024-10-19T15:00:00,0.6103892,0.0
2024-10-19T16:00:00,0.6103892,0.0
2024-10-19T17:00:00,0.6103892,0.0
2024-10-19T18:00:00,0.6103892,0.0
2024-10-19T19:00:00,0.4804317,-0.75000006
2024-10-19T20:00:00,0.4804317,0.0
2024-10-19T21:00:00,0.4804317,0.0
2024-10-19T22:00:00,0.4804317,0.0
2024-10-19T23:00:00,0.4804317,0.0
2024-10-20T00:00:00,0.4804317,0.0
2024-10-20T01:00:00,0.4804317,0.0
2024-10-20T02:00:00,0.58610404,0.75000006
2024-10-20T03:00:00,0.6917764,0.75000006
2024-10-20T04:00:00,0.6917764,0.0
2024-10-20T05:00:00,0.6917764,0.0
2024-10-20T06:00:00,0.6917764,0.0
2024-10-20T07:00:00,0.6917764,0.0
2024-10-20T08:00:00,0.6917764,0.0
2024-10-20T09:00:00,0.5618189,-0.75000006
2024-10-20T10:00:00,0.5618189,0.0
2024-10-20T11:00:00,0.5618189,0.0
2024-10-20T12:00:00,0.5618189,0.0
2024-10-20T13:00:00,0.66749126,0.75000006
2024-10-20T14:00:00,0.66749126,0.0
2024-10-20T15:00:00,0.66749126,0.0
2024-10-20T16:00:00,0.66749126,0.0
2024-10-20T17:00:00,0.66749126,0.0
2024-10-20T18:00:00,0.66749126,0.0
2024-10-20T19:00:00,0.66749126,0.0
2024-10-20T20:00:00,0.66749126,0.0
2024-10-20T21:00:00,0.66749126,0.0
2024-10-20T22:00:00,0.66749126,0.0
2024-10-20T23:00:00,0.66749126,0.0
2024-10-21T00:00:00,0.66749126,0.0
2024-10-21T01:00:00,0.66749126,0.0
2024-10-21T02:00:00,0.66749126,0.0
2024-10-21T03:00:00,0.66749126,0.0
2024-10-21T04:00:00,0.66749126,0.0
2024-10-21T05:00:00,0.66749126,0.0
2024-10-21T06:00:00,0.66749126,0.0
2024-10-21T07:00:00,0.66749126,0.0
2024-10-21T08:00:00,0.66749126,0.0
2024-10-21T09:00:00,0.66749126,0.0
2024-10-21T10:00:00,0.66749126,0.0
2024-10-21T11:00:00,0.53753376,-0.75000006
2024-10-21T12:00:00,0.53753376,0.0
2024-10-21T13:00:00,0.53753376,0.0
2024-10-21T14:00:00,0.53753376,0.0
2024-10-21T15:00:00,0.53753376,0.0
2024-10-21T16:00:00,0.53753376,0.0
2024-10-21T17:00:00,0.53753376,0.0
2024-10-21T18:00:00,0.53753376,0.0
2024-10-21T19:00:00,0.53753376,0.0
2024-10-21T20:00:00,0.6432061,0.75
2024-10-21T21:00:00,0.5132486,-0.75000006
2024-10-21T22:00:00,0.5132486,0.0
2024-10-21T23:00:00,0.5132486,0.0
2024-10-22T00:00:00,0.5132486,0.0
2024-10-22T01:00:00,0.5132486,0.0
2024-10-22T02:00:00,0.5132486,0.0
2024-10-22T03:00:00,0.5132486,0.0
2024-10-22T04:00:00,0.5132486,0.0
2024-10-22T05:00:00,0.5132486,0.0
2024-10-22T06:00:00,0.5132486,0.0
2024-10-22T07:00:00,0.5132486,0.0
2024-10-22T08:00:00,0.5132486,0.0
2024-10-22T09:00:00,0.5132486,0.0
2024-10-22T10:00:00,0.5132486,0.0
2024-10-22T11:00:00,0.5132486,0.0
2024-10-22T12:00:00,0.5132486,0.0
2024-10-22T13:00:00,0.5132486,0.0
2024-10-22T14:00:00,0.5132486,0.0
2024-10-22T15:00:00,0.5132486,0.0
2024-10-22T16:00:00,0.5132486,0.0
2024-10-22T17:00:00,0.5132486,0.0
2024-10-22T18:00:00,0.618921,0.75000006
2024-10-22T19:00:00,0.618921,0.0
2024-10-22T20:00:00,0.618921,0.0
2024-10-22T21:00:00,0.4889635,-0.75000006
2024-10-22T22:00:00,0.4889635,0.0
2024-10-22T23:00:00,0.4889635,0.0
2024-10-23T00:00:00,0.4889635,0.0
2024-10-23T01:00:00,0.4889635,0.0
2024-10-23T02:00:00,0.4889635,0.0
2024-10-23T03:00:00,0.4889635,0.0
2024-10-23T04:00:00,0.4889635,0.0
2024-10-23T05:00:00,0.4889635,0.0
2024-10-23T06:00:00,0.4889635,0.0
